Time,Oxygen Level,Pulse Rate,Motion,O2 Reminder,PR Reminder
13:09:28 Jul 20 2026,96,83,0,0,0
13:09:32 Jul 20 2026,96,83,0,0,0
13:09:36 Jul 20 2026,97,83,4,0,0
13:09:40 Jul 20 2026,97,83,14,0,0
13:09:44 Jul 20 2026,97,83,14,0,0
13:09:48 Jul 20 2026,97,83,0,0,0
13:09:52 Jul 20 2026,97,81,0,0,0
13:09:56 Jul 20 2026,96,76,0,0,0
13:10:00 Jul 20 2026,95,72,0,0,0
13:10:04 Jul 20 2026,95,72,1,0,0
13:10:08 Jul 20 2026,96,71,0,0,0
13:10:12 Jul 20 2026,96,71,0,0,0
13:10:16 Jul 20 2026,96,71,1,0,0
13:10:20 Jul 20 2026,96,69,0,0,0
13:10:24 Jul 20 2026,96,69,2,0,0
13:10:28 Jul 20 2026,96,70,12,0,0
13:10:32 Jul 20 2026,96,70,1,0,0
13:10:36 Jul 20 2026,96,70,0,0,0
13:10:40 Jul 20 2026,96,72,0,0,0
13:10:44 Jul 20 2026,96,70,0,0,0
13:10:48 Jul 20 2026,95,71,0,0,0
13:10:52 Jul 20 2026,96,70,0,0,0
13:10:56 Jul 20 2026,96,70,0,0,0
13:11:00 Jul 20 2026,96,68,0,0,0
13:11:04 Jul 20 2026,95,70,0,0,0
13:11:08 Jul 20 2026,95,70,0,0,0
13:11:12 Jul 20 2026,95,70,2,0,0
13:11:16 Jul 20 2026,96,70,0,0,0
13:11:20 Jul 20 2026,96,69,0,0,0
13:11:24 Jul 20 2026,96,71,0,0,0
13:11:28 Jul 20 2026,95,70,0,0,0
13:11:32 Jul 20 2026,95,67,0,0,0
13:11:36 Jul 20 2026,95,66,0,0,0
13:11:40 Jul 20 2026,94,67,0,0,0
13:11:44 Jul 20 2026,94,68,0,0,0
13:11:48 Jul 20 2026,94,69,0,0,0
13:11:52 Jul 20 2026,95,70,0,0,0
13:11:56 Jul 20 2026,95,71,0,0,0
13:12:00 Jul 20 2026,95,70,24,0,0
13:12:04 Jul 20 2026,95,70,4,0,0
13:12:08 Jul 20 2026,96,73,0,0,0
13:12:12 Jul 20 2026,97,74,0,0,0
13:12:16 Jul 20 2026,97,76,0,0,0
13:12:20 Jul 20 2026,96,73,0,0,0
13:12:24 Jul 20 2026,96,73,4,0,0
13:12:28 Jul 20 2026,95,72,0,0,0
13:12:32 Jul 20 2026,95,69,0,0,0
13:12:36 Jul 20 2026,96,69,0,0,0
13:12:40 Jul 20 2026,95,70,11,0,0
13:12:44 Jul 20 2026,95,70,14,0,0
13:12:48 Jul 20 2026,95,70,11,0,0
13:12:52 Jul 20 2026,95,70,9,0,0
13:12:56 Jul 20 2026,95,70,9,0,0
13:13:00 Jul 20 2026,95,70,7,0,0
13:13:04 Jul 20 2026,95,70,9,0,0
13:13:08 Jul 20 2026,95,70,17,0,0
13:13:12 Jul 20 2026,95,70,13,0,0
13:13:16 Jul 20 2026,95,70,2,0,0
13:13:20 Jul 20 2026,95,67,9,0,0
13:13:24 Jul 20 2026,95,67,8,0,0
13:13:28 Jul 20 2026,96,71,1,0,0
13:13:32 Jul 20 2026,96,73,8,0,0
13:13:36 Jul 20 2026,96,73,19,0,0
13:13:40 Jul 20 2026,96,73,14,0,0
13:13:44 Jul 20 2026,96,73,19,0,0
13:13:48 Jul 20 2026,96,73,33,0,0
13:13:52 Jul 20 2026,96,73,33,0,0
13:13:56 Jul 20 2026,96,73,25,0,0
13:14:00 Jul 20 2026,96,73,2,0,0
13:14:04 Jul 20 2026,95,79,3,0,0
13:14:08 Jul 20 2026,95,80,22,0,0
13:14:12 Jul 20 2026,95,80,3,0,0
13:14:16 Jul 20 2026,95,78,1,0,0
13:14:20 Jul 20 2026,95,72,4,0,0
13:14:24 Jul 20 2026,96,72,15,0,0
13:14:28 Jul 20 2026,96,72,12,0,0
13:14:32 Jul 20 2026,96,72,36,0,0
13:14:36 Jul 20 2026,96,72,10,0,0
13:14:40 Jul 20 2026,96,72,15,0,0
13:14:44 Jul 20 2026,96,72,51,0,0
13:14:48 Jul 20 2026,96,72,13,0,0
13:14:52 Jul 20 2026,95,74,7,0,0
13:14:56 Jul 20 2026,95,74,6,0,0
13:15:00 Jul 20 2026,95,75,3,0,0
13:15:04 Jul 20 2026,95,75,10,0,0
13:15:08 Jul 20 2026,94,77,16,0,0
13:15:12 Jul 20 2026,94,77,18,0,0
13:15:16 Jul 20 2026,93,79,4,0,0
13:15:20 Jul 20 2026,93,79,5,0,0
13:15:24 Jul 20 2026,93,79,3,0,0
13:15:28 Jul 20 2026,93,79,20,0,0
13:15:32 Jul 20 2026,93,79,4,0,0
13:15:36 Jul 20 2026,93,79,27,0,0
13:15:40 Jul 20 2026,93,79,7,0,0
13:15:44 Jul 20 2026,93,79,23,0,0
13:15:48 Jul 20 2026,93,79,6,0,0
13:15:52 Jul 20 2026,93,83,10,0,0
13:15:56 Jul 20 2026,93,85,16,0,0
13:16:00 Jul 20 2026,93,85,20,0,0
13:16:04 Jul 20 2026,93,85,14,0,0
13:16:08 Jul 20 2026,93,85,8,0,0
13:16:12 Jul 20 2026,93,85,17,0,0
13:16:16 Jul 20 2026,94,91,4,0,0
13:16:20 Jul 20 2026,98,82,16,0,0
13:16:24 Jul 20 2026,98,75,2,0,0
13:16:28 Jul 20 2026,98,75,5,0,0
13:16:32 Jul 20 2026,98,75,3,0,0
13:16:36 Jul 20 2026,98,75,22,0,0
13:16:40 Jul 20 2026,98,74,0,0,0
13:16:44 Jul 20 2026,98,73,18,0,0
13:16:48 Jul 20 2026,98,70,0,0,0
13:16:52 Jul 20 2026,98,66,0,0,0
13:16:56 Jul 20 2026,99,63,0,0,0
13:17:00 Jul 20 2026,99,65,0,0,0
13:17:04 Jul 20 2026,99,65,0,0,0
13:17:08 Jul 20 2026,99,61,0,0,0
13:17:12 Jul 20 2026,99,61,15,0,0
13:17:16 Jul 20 2026,99,62,8,0,0
13:17:20 Jul 20 2026,99,62,20,0,0
13:17:24 Jul 20 2026,99,62,7,0,0
13:17:28 Jul 20 2026,99,62,4,0,0
13:17:32 Jul 20 2026,98,62,1,0,0
13:17:36 Jul 20 2026,98,64,9,0,0
13:17:40 Jul 20 2026,98,65,5,0,0
13:17:44 Jul 20 2026,98,66,8,0,0
13:17:48 Jul 20 2026,98,64,3,0,0
13:17:52 Jul 20 2026,98,65,12,0,0
13:17:56 Jul 20 2026,98,62,9,0,0
13:18:00 Jul 20 2026,98,62,0,0,0
13:18:04 Jul 20 2026,98,61,2,0,0
13:18:08 Jul 20 2026,99,61,3,0,0
13:18:12 Jul 20 2026,99,61,5,0,0
13:18:16 Jul 20 2026,99,61,3,0,0
13:18:20 Jul 20 2026,98,62,14,0,0
13:18:24 Jul 20 2026,98,65,0,0,0
13:18:28 Jul 20 2026,98,65,0,0,0
13:18:32 Jul 20 2026,98,61,4,0,0
13:18:36 Jul 20 2026,98,61,3,0,0
13:18:40 Jul 20 2026,98,65,0,0,0
13:18:44 Jul 20 2026,98,66,0,0,0
13:18:48 Jul 20 2026,98,64,0,0,0
13:18:52 Jul 20 2026,98,62,0,0,0
13:18:56 Jul 20 2026,98,64,13,0,0
13:19:00 Jul 20 2026,98,63,0,0,0
13:19:04 Jul 20 2026,98,59,0,0,0
13:19:08 Jul 20 2026,98,59,0,0,0
13:19:12 Jul 20 2026,98,58,2,0,0
13:19:16 Jul 20 2026,98,59,3,0,0
13:19:20 Jul 20 2026,98,59,5,0,0
13:19:24 Jul 20 2026,98,59,2,0,0
13:19:28 Jul 20 2026,98,60,1,0,0
13:19:32 Jul 20 2026,98,61,2,0,0
13:19:36 Jul 20 2026,98,63,2,0,0
13:19:40 Jul 20 2026,98,64,34,0,0
13:19:44 Jul 20 2026,98,64,2,0,0
13:19:48 Jul 20 2026,98,65,1,0,0
13:19:52 Jul 20 2026,98,63,2,0,0
13:19:56 Jul 20 2026,99,62,0,0,0
13:20:00 Jul 20 2026,99,62,17,0,0
13:20:04 Jul 20 2026,99,62,0,0,0
13:20:08 Jul 20 2026,99,62,0,0,0
13:20:12 Jul 20 2026,98,62,0,0,0
13:20:16 Jul 20 2026,98,62,2,0,0
13:20:20 Jul 20 2026,98,62,2,0,0
13:20:24 Jul 20 2026,98,62,4,0,0
13:20:28 Jul 20 2026,98,64,1,0,0
13:20:32 Jul 20 2026,98,64,5,0,0
13:20:36 Jul 20 2026,98,65,1,0,0
13:20:40 Jul 20 2026,98,63,1,0,0
13:20:44 Jul 20 2026,98,61,0,0,0
13:20:48 Jul 20 2026,98,60,0,0,0
13:20:52 Jul 20 2026,98,59,0,0,0
13:20:56 Jul 20 2026,98,62,1,0,0
13:21:00 Jul 20 2026,98,63,3,0,0
13:21:04 Jul 20 2026,98,61,0,0,0
13:21:08 Jul 20 2026,98,61,1,0,0
13:21:12 Jul 20 2026,98,60,5,0,0
13:21:16 Jul 20 2026,98,60,0,0,0
13:21:20 Jul 20 2026,98,60,4,0,0
13:21:24 Jul 20 2026,98,60,2,0,0
13:21:28 Jul 20 2026,98,60,1,0,0
13:21:32 Jul 20 2026,98,60,5,0,0
13:21:36 Jul 20 2026,98,60,0,0,0
13:21:40 Jul 20 2026,98,60,0,0,0
13:21:44 Jul 20 2026,98,61,1,0,0
13:21:48 Jul 20 2026,98,61,1,0,0
13:21:52 Jul 20 2026,98,62,0,0,0
13:21:56 Jul 20 2026,98,62,0,0,0
13:22:00 Jul 20 2026,98,61,0,0,0
13:22:04 Jul 20 2026,98,60,0,0,0
13:22:08 Jul 20 2026,98,58,0,0,0
13:22:12 Jul 20 2026,98,58,0,0,0
13:22:16 Jul 20 2026,98,59,0,0,0
13:22:20 Jul 20 2026,98,59,8,0,0
13:22:24 Jul 20 2026,98,60,0,0,0
13:22:28 Jul 20 2026,98,60,0,0,0
13:22:32 Jul 20 2026,98,59,1,0,0
13:22:36 Jul 20 2026,98,58,2,0,0
13:22:40 Jul 20 2026,98,58,0,0,0
13:22:44 Jul 20 2026,97,58,1,0,0
13:22:48 Jul 20 2026,97,59,0,0,0
13:22:52 Jul 20 2026,98,59,0,0,0
13:22:56 Jul 20 2026,98,59,0,0,0
13:23:00 Jul 20 2026,98,59,0,0,0
13:23:04 Jul 20 2026,98,59,0,0,0
13:23:08 Jul 20 2026,98,59,0,0,0
13:23:12 Jul 20 2026,98,62,0,0,0
13:23:16 Jul 20 2026,98,60,0,0,0
13:23:20 Jul 20 2026,98,57,0,0,0
13:23:24 Jul 20 2026,98,57,0,0,0
13:23:28 Jul 20 2026,98,58,0,0,0
13:23:32 Jul 20 2026,98,59,1,0,0
13:23:36 Jul 20 2026,98,59,1,0,0
13:23:40 Jul 20 2026,98,59,0,0,0
13:23:44 Jul 20 2026,98,59,0,0,0
13:23:48 Jul 20 2026,98,58,0,0,0
13:23:52 Jul 20 2026,98,58,2,0,0
13:23:56 Jul 20 2026,98,58,4,0,0
13:24:00 Jul 20 2026,98,61,0,0,0
13:24:04 Jul 20 2026,98,65,0,0,0
13:24:08 Jul 20 2026,97,67,0,0,0
13:24:12 Jul 20 2026,97,67,0,0,0
13:24:16 Jul 20 2026,97,67,2,0,0
13:24:20 Jul 20 2026,97,68,1,0,0
13:24:24 Jul 20 2026,97,67,1,0,0
13:24:28 Jul 20 2026,97,67,0,0,0
13:24:32 Jul 20 2026,97,62,4,0,0
13:24:36 Jul 20 2026,98,58,1,0,0
13:24:40 Jul 20 2026,98,58,2,0,0
13:24:44 Jul 20 2026,98,57,0,0,0
13:24:48 Jul 20 2026,98,56,0,0,0
13:24:52 Jul 20 2026,98,56,1,0,0
13:24:56 Jul 20 2026,98,58,0,0,0
13:25:00 Jul 20 2026,99,58,0,0,0
13:25:04 Jul 20 2026,98,56,3,0,0
13:25:08 Jul 20 2026,98,58,3,0,0
13:25:12 Jul 20 2026,98,62,0,0,0
13:25:16 Jul 20 2026,98,62,0,0,0
13:25:20 Jul 20 2026,98,61,0,0,0
13:25:24 Jul 20 2026,98,58,0,0,0
13:25:28 Jul 20 2026,98,58,0,0,0
13:25:32 Jul 20 2026,98,56,0,0,0
13:25:36 Jul 20 2026,98,55,0,0,0
13:25:40 Jul 20 2026,98,56,1,0,0
13:25:44 Jul 20 2026,98,57,0,0,0
13:25:48 Jul 20 2026,98,61,0,0,0
13:25:52 Jul 20 2026,98,62,0,0,0
13:25:56 Jul 20 2026,98,63,0,0,0
13:26:00 Jul 20 2026,98,62,3,0,0
13:26:04 Jul 20 2026,98,61,1,0,0
13:26:08 Jul 20 2026,99,60,0,0,0
13:26:12 Jul 20 2026,99,60,0,0,0
13:26:16 Jul 20 2026,98,60,0,0,0
13:26:20 Jul 20 2026,98,61,0,0,0
13:26:24 Jul 20 2026,99,63,0,0,0
13:26:28 Jul 20 2026,99,63,14,0,0
13:26:32 Jul 20 2026,99,63,6,0,0
13:26:36 Jul 20 2026,99,63,4,0,0
13:26:40 Jul 20 2026,99,63,26,0,0
13:26:44 Jul 20 2026,99,63,26,0,0
13:26:48 Jul 20 2026,99,63,3,0,0
13:26:52 Jul 20 2026,99,63,5,0,0
13:26:56 Jul 20 2026,99,63,14,0,0
13:27:00 Jul 20 2026,99,63,4,0,0
13:27:04 Jul 20 2026,99,63,4,0,0
13:27:08 Jul 20 2026,99,63,5,0,0
13:27:12 Jul 20 2026,99,63,8,0,0
13:27:16 Jul 20 2026,99,64,11,0,0
13:27:20 Jul 20 2026,99,64,0,0,0
13:27:24 Jul 20 2026,98,68,0,0,0
13:27:28 Jul 20 2026,98,71,0,0,0
13:27:32 Jul 20 2026,98,69,2,0,0
13:27:36 Jul 20 2026,98,67,0,0,0
13:27:40 Jul 20 2026,98,64,0,0,0
13:27:44 Jul 20 2026,98,64,0,0,0
13:27:48 Jul 20 2026,98,63,0,0,0
13:27:52 Jul 20 2026,98,62,0,0,0
13:27:56 Jul 20 2026,98,61,0,0,0
13:28:00 Jul 20 2026,98,58,1,0,0
13:28:04 Jul 20 2026,98,57,0,0,0
13:28:08 Jul 20 2026,98,57,0,0,0
13:28:12 Jul 20 2026,98,56,0,0,0
13:28:16 Jul 20 2026,98,56,0,0,0
13:28:20 Jul 20 2026,98,56,0,0,0
13:28:24 Jul 20 2026,98,56,0,0,0
13:28:28 Jul 20 2026,98,55,0,0,0
13:28:32 Jul 20 2026,98,54,0,0,0
13:28:36 Jul 20 2026,98,54,0,0,0
13:28:40 Jul 20 2026,98,54,0,0,0
13:28:44 Jul 20 2026,98,55,0,0,0
13:28:48 Jul 20 2026,98,55,0,0,0
13:28:52 Jul 20 2026,98,56,2,0,0
13:28:56 Jul 20 2026,98,58,0,0,0
13:29:00 Jul 20 2026,98,58,0,0,0
13:29:04 Jul 20 2026,98,60,0,0,0
13:29:08 Jul 20 2026,98,60,0,0,0
13:29:12 Jul 20 2026,98,60,0,0,0
13:29:16 Jul 20 2026,98,61,0,0,0
13:29:20 Jul 20 2026,98,62,0,0,0
13:29:24 Jul 20 2026,98,62,2,0,0
13:29:28 Jul 20 2026,98,61,1,0,0
13:29:32 Jul 20 2026,98,59,1,0,0
13:29:36 Jul 20 2026,98,57,0,0,0
13:29:40 Jul 20 2026,97,57,2,0,0
13:29:44 Jul 20 2026,98,56,0,0,0
13:29:48 Jul 20 2026,98,56,0,0,0
13:29:52 Jul 20 2026,98,56,0,0,0
13:29:56 Jul 20 2026,98,56,0,0,0
13:30:00 Jul 20 2026,98,56,0,0,0
13:30:04 Jul 20 2026,97,56,0,0,0
13:30:08 Jul 20 2026,97,56,0,0,0
13:30:12 Jul 20 2026,98,56,1,0,0
13:30:16 Jul 20 2026,98,56,2,0,0
13:30:20 Jul 20 2026,98,56,0,0,0
13:30:24 Jul 20 2026,98,57,0,0,0
13:30:28 Jul 20 2026,98,59,0,0,0
13:30:32 Jul 20 2026,98,59,8,0,0
13:30:36 Jul 20 2026,97,58,4,0,0
13:30:40 Jul 20 2026,97,58,3,0,0
13:30:44 Jul 20 2026,98,61,3,0,0
13:30:48 Jul 20 2026,97,61,0,0,0
13:30:52 Jul 20 2026,97,61,1,0,0
13:30:56 Jul 20 2026,98,61,2,0,0
13:31:00 Jul 20 2026,98,61,5,0,0
13:31:04 Jul 20 2026,98,61,1,0,0
13:31:08 Jul 20 2026,98,61,0,0,0
13:31:12 Jul 20 2026,98,55,0,0,0
13:31:16 Jul 20 2026,98,55,0,0,0
13:31:20 Jul 20 2026,98,53,0,0,0
13:31:24 Jul 20 2026,98,53,0,0,0
13:31:28 Jul 20 2026,98,54,0,0,0
13:31:32 Jul 20 2026,98,54,0,0,0
13:31:36 Jul 20 2026,98,55,3,0,0
13:31:40 Jul 20 2026,98,57,1,0,0
13:31:44 Jul 20 2026,98,61,6,0,0
13:31:48 Jul 20 2026,97,61,0,0,0
13:31:52 Jul 20 2026,97,61,2,0,0
13:31:56 Jul 20 2026,97,57,0,0,0
13:32:00 Jul 20 2026,97,57,0,0,0
13:32:04 Jul 20 2026,97,56,0,0,0
13:32:08 Jul 20 2026,97,54,0,0,0
13:32:12 Jul 20 2026,97,53,0,0,0
13:32:16 Jul 20 2026,97,53,0,0,0
13:32:20 Jul 20 2026,97,54,4,0,0
13:32:24 Jul 20 2026,97,54,2,0,0
13:32:28 Jul 20 2026,97,55,0,0,0
13:32:32 Jul 20 2026,97,57,0,0,0
13:32:36 Jul 20 2026,98,58,0,0,0
13:32:40 Jul 20 2026,98,57,1,0,0
13:32:44 Jul 20 2026,98,56,0,0,0
13:32:48 Jul 20 2026,98,55,1,0,0
13:32:52 Jul 20 2026,98,55,3,0,0
13:32:56 Jul 20 2026,98,55,6,0,0
13:33:00 Jul 20 2026,98,57,1,0,0
13:33:04 Jul 20 2026,98,58,1,0,0
13:33:08 Jul 20 2026,98,62,7,0,0
13:33:12 Jul 20 2026,97,65,3,0,0
13:33:16 Jul 20 2026,98,63,5,0,0
13:33:20 Jul 20 2026,97,56,1,0,0
13:33:24 Jul 20 2026,97,55,0,0,0
13:33:28 Jul 20 2026,97,56,0,0,0
13:33:32 Jul 20 2026,97,55,0,0,0
13:33:36 Jul 20 2026,97,54,0,0,0
13:33:40 Jul 20 2026,98,55,0,0,0
13:33:44 Jul 20 2026,97,54,0,0,0
13:33:48 Jul 20 2026,97,53,0,0,0
13:33:52 Jul 20 2026,97,53,0,0,0
13:33:56 Jul 20 2026,97,54,0,0,0
13:34:00 Jul 20 2026,98,56,0,0,0
13:34:04 Jul 20 2026,98,54,0,0,0
13:34:08 Jul 20 2026,97,52,0,0,0
13:34:12 Jul 20 2026,97,51,0,0,0
13:34:16 Jul 20 2026,97,52,1,0,0
13:34:20 Jul 20 2026,97,53,0,0,0
13:34:24 Jul 20 2026,97,56,1,0,0
13:34:28 Jul 20 2026,97,59,0,0,0
13:34:32 Jul 20 2026,97,60,1,0,0
13:34:36 Jul 20 2026,97,60,2,0,0
13:34:40 Jul 20 2026,97,58,0,0,0
13:34:44 Jul 20 2026,97,56,0,0,0
13:34:48 Jul 20 2026,97,54,0,0,0
13:34:52 Jul 20 2026,97,53,0,0,0
13:34:56 Jul 20 2026,97,54,0,0,0
13:35:00 Jul 20 2026,97,56,0,0,0
13:35:04 Jul 20 2026,97,56,0,0,0
13:35:08 Jul 20 2026,98,54,0,0,0
13:35:12 Jul 20 2026,98,54,0,0,0
13:35:16 Jul 20 2026,98,54,0,0,0
13:35:20 Jul 20 2026,97,54,0,0,0
13:35:24 Jul 20 2026,97,56,0,0,0
13:35:28 Jul 20 2026,97,59,0,0,0
13:35:32 Jul 20 2026,97,62,0,0,0
13:35:36 Jul 20 2026,97,60,0,0,0
13:35:40 Jul 20 2026,97,58,0,0,0
13:35:44 Jul 20 2026,97,59,0,0,0
13:35:48 Jul 20 2026,97,57,0,0,0
13:35:52 Jul 20 2026,97,56,0,0,0
13:35:56 Jul 20 2026,97,56,4,0,0
13:36:00 Jul 20 2026,97,57,0,0,0
13:36:04 Jul 20 2026,97,58,0,0,0
13:36:08 Jul 20 2026,98,58,0,0,0
13:36:12 Jul 20 2026,98,58,0,0,0
13:36:16 Jul 20 2026,98,55,0,0,0
13:36:20 Jul 20 2026,98,51,0,0,0
13:36:24 Jul 20 2026,98,50,0,0,0
13:36:28 Jul 20 2026,97,50,0,0,0
13:36:32 Jul 20 2026,97,50,0,0,0
13:36:36 Jul 20 2026,97,52,0,0,0
13:36:40 Jul 20 2026,97,52,0,0,0
13:36:44 Jul 20 2026,97,52,0,0,0
13:36:48 Jul 20 2026,97,52,0,0,0
13:36:52 Jul 20 2026,97,52,0,0,0
13:36:56 Jul 20 2026,97,51,1,0,0
13:37:00 Jul 20 2026,97,52,3,0,0
13:37:04 Jul 20 2026,97,52,0,0,0
13:37:08 Jul 20 2026,97,54,0,0,0
13:37:12 Jul 20 2026,97,55,0,0,0
13:37:16 Jul 20 2026,97,58,0,0,0
13:37:20 Jul 20 2026,97,57,0,0,0
13:37:24 Jul 20 2026,97,54,0,0,0
13:37:28 Jul 20 2026,97,52,0,0,0
13:37:32 Jul 20 2026,97,51,0,0,0
13:37:36 Jul 20 2026,97,52,0,0,0
13:37:40 Jul 20 2026,97,52,0,0,0
13:37:44 Jul 20 2026,97,52,0,0,0
13:37:48 Jul 20 2026,97,52,0,0,0
13:37:52 Jul 20 2026,97,54,0,0,0
13:37:56 Jul 20 2026,97,55,0,0,0
13:38:00 Jul 20 2026,97,55,5,0,0
13:38:04 Jul 20 2026,97,58,0,0,0
13:38:08 Jul 20 2026,97,59,0,0,0
13:38:12 Jul 20 2026,98,60,0,0,0
13:38:16 Jul 20 2026,98,59,0,0,0
13:38:20 Jul 20 2026,98,59,0,0,0
13:38:24 Jul 20 2026,98,60,1,0,0
13:38:28 Jul 20 2026,98,62,1,0,0
13:38:32 Jul 20 2026,98,62,0,0,0
13:38:36 Jul 20 2026,97,61,0,0,0
13:38:40 Jul 20 2026,98,61,0,0,0
13:38:44 Jul 20 2026,98,55,0,0,0
13:38:48 Jul 20 2026,98,51,0,0,0
13:38:52 Jul 20 2026,98,52,0,0,0
13:38:56 Jul 20 2026,97,51,0,0,0
13:39:00 Jul 20 2026,97,52,3,0,0
13:39:04 Jul 20 2026,98,54,1,0,0
13:39:08 Jul 20 2026,97,55,0,0,0
13:39:12 Jul 20 2026,97,55,0,0,0
13:39:16 Jul 20 2026,97,57,0,0,0
13:39:20 Jul 20 2026,97,57,0,0,0
13:39:24 Jul 20 2026,97,57,1,0,0
13:39:28 Jul 20 2026,97,64,0,0,0
13:39:32 Jul 20 2026,97,65,0,0,0
13:39:36 Jul 20 2026,97,63,0,0,0
13:39:40 Jul 20 2026,97,62,0,0,0
13:39:44 Jul 20 2026,97,63,0,0,0
13:39:48 Jul 20 2026,97,62,0,0,0
13:39:52 Jul 20 2026,97,62,3,0,0
13:39:56 Jul 20 2026,97,62,2,0,0
13:40:00 Jul 20 2026,97,62,1,0,0
13:40:04 Jul 20 2026,97,61,1,0,0
13:40:08 Jul 20 2026,97,62,13,0,0
13:40:12 Jul 20 2026,97,62,12,0,0
13:40:16 Jul 20 2026,97,62,3,0,0
13:40:20 Jul 20 2026,97,62,3,0,0
13:40:24 Jul 20 2026,97,62,1,0,0
13:40:28 Jul 20 2026,97,62,1,0,0
13:40:32 Jul 20 2026,98,60,0,0,0
13:40:36 Jul 20 2026,98,56,0,0,0
13:40:40 Jul 20 2026,98,51,0,0,0
13:40:44 Jul 20 2026,98,51,0,0,0
13:40:48 Jul 20 2026,98,51,0,0,0
13:40:52 Jul 20 2026,98,53,1,0,0
13:40:56 Jul 20 2026,98,56,2,0,0
13:41:00 Jul 20 2026,97,57,4,0,0
13:41:04 Jul 20 2026,97,57,2,0,0
13:41:08 Jul 20 2026,98,63,0,0,0
13:41:12 Jul 20 2026,98,65,0,0,0
13:41:16 Jul 20 2026,98,59,0,0,0
13:41:20 Jul 20 2026,98,55,0,0,0
13:41:24 Jul 20 2026,98,51,0,0,0
13:41:28 Jul 20 2026,98,50,1,0,0
13:41:32 Jul 20 2026,98,50,0,0,0
13:41:36 Jul 20 2026,98,50,0,0,0
13:41:40 Jul 20 2026,98,50,2,0,0
13:41:44 Jul 20 2026,98,52,0,0,0
13:41:48 Jul 20 2026,98,53,0,0,0
13:41:52 Jul 20 2026,98,53,0,0,0
13:41:56 Jul 20 2026,98,53,1,0,0
13:42:00 Jul 20 2026,98,53,1,0,0
13:42:04 Jul 20 2026,98,53,1,0,0
13:42:08 Jul 20 2026,98,54,2,0,0
13:42:12 Jul 20 2026,98,54,0,0,0
13:42:16 Jul 20 2026,98,55,0,0,0
13:42:20 Jul 20 2026,98,55,2,0,0
13:42:24 Jul 20 2026,98,55,1,0,0
13:42:28 Jul 20 2026,98,53,0,0,0
13:42:32 Jul 20 2026,98,52,0,0,0
13:42:36 Jul 20 2026,98,49,0,0,0
13:42:40 Jul 20 2026,98,50,0,0,0
13:42:44 Jul 20 2026,98,50,1,0,0
13:42:48 Jul 20 2026,98,50,10,0,0
13:42:52 Jul 20 2026,98,50,1,0,0
13:42:56 Jul 20 2026,98,50,0,0,0
13:43:00 Jul 20 2026,98,51,4,0,0
13:43:04 Jul 20 2026,98,51,2,0,0
13:43:08 Jul 20 2026,98,51,0,0,0
13:43:12 Jul 20 2026,98,56,0,0,0
13:43:16 Jul 20 2026,98,60,0,0,0
13:43:20 Jul 20 2026,98,56,0,0,0
13:43:24 Jul 20 2026,98,51,0,0,0
13:43:28 Jul 20 2026,98,50,0,0,0
13:43:32 Jul 20 2026,98,51,1,0,0
13:43:36 Jul 20 2026,98,54,1,0,0
13:43:40 Jul 20 2026,98,61,0,0,0
13:43:44 Jul 20 2026,98,67,0,0,0
13:43:48 Jul 20 2026,98,67,0,0,0
13:43:52 Jul 20 2026,98,64,0,0,0
13:43:56 Jul 20 2026,98,63,0,0,0
13:44:00 Jul 20 2026,98,64,0,0,0
13:44:04 Jul 20 2026,98,63,4,0,0
13:44:08 Jul 20 2026,98,65,0,0,0
13:44:12 Jul 20 2026,98,69,0,0,0
13:44:16 Jul 20 2026,97,69,2,0,0
13:44:20 Jul 20 2026,97,68,0,0,0
13:44:24 Jul 20 2026,97,62,0,0,0
13:44:28 Jul 20 2026,98,52,0,0,0
13:44:32 Jul 20 2026,98,52,0,0,0
13:44:36 Jul 20 2026,98,50,0,0,0
13:44:40 Jul 20 2026,98,50,0,0,0
13:44:44 Jul 20 2026,98,51,0,0,0
13:44:48 Jul 20 2026,98,52,4,0,0
13:44:52 Jul 20 2026,98,57,2,0,0
13:44:56 Jul 20 2026,98,59,5,0,0
13:45:00 Jul 20 2026,97,61,3,0,0
13:45:04 Jul 20 2026,97,61,5,0,0
13:45:08 Jul 20 2026,97,61,3,0,0
13:45:12 Jul 20 2026,97,62,4,0,0
13:45:16 Jul 20 2026,98,61,0,0,0
13:45:20 Jul 20 2026,98,54,0,0,0
13:45:24 Jul 20 2026,98,51,0,0,0
13:45:28 Jul 20 2026,98,52,0,0,0
13:45:32 Jul 20 2026,98,59,0,0,0
13:45:36 Jul 20 2026,98,67,0,0,0
13:45:40 Jul 20 2026,97,64,0,0,0
13:45:44 Jul 20 2026,97,58,0,0,0
13:45:48 Jul 20 2026,98,55,0,0,0
13:45:52 Jul 20 2026,98,50,0,0,0
13:45:56 Jul 20 2026,98,47,0,0,0
13:46:00 Jul 20 2026,98,47,0,0,0
13:46:04 Jul 20 2026,98,48,0,0,0
13:46:08 Jul 20 2026,98,49,0,0,0
13:46:12 Jul 20 2026,98,50,0,0,0
13:46:16 Jul 20 2026,98,50,0,0,0
13:46:20 Jul 20 2026,97,50,1,0,0
13:46:24 Jul 20 2026,97,50,1,0,0
13:46:28 Jul 20 2026,98,51,0,0,0
13:46:32 Jul 20 2026,98,51,0,0,0
13:46:36 Jul 20 2026,98,52,0,0,0
13:46:40 Jul 20 2026,98,51,0,0,0
13:46:44 Jul 20 2026,98,52,0,0,0
13:46:48 Jul 20 2026,98,51,0,0,0
13:46:52 Jul 20 2026,98,50,0,0,0
13:46:56 Jul 20 2026,98,49,0,0,0
13:47:00 Jul 20 2026,98,48,0,0,0
13:47:04 Jul 20 2026,98,49,0,0,0
13:47:08 Jul 20 2026,98,49,0,0,0
13:47:12 Jul 20 2026,98,48,0,0,0
13:47:16 Jul 20 2026,98,48,0,0,0
13:47:20 Jul 20 2026,98,49,0,0,0
13:47:24 Jul 20 2026,98,48,0,0,0
13:47:28 Jul 20 2026,98,48,0,0,0
13:47:32 Jul 20 2026,98,50,0,0,0
13:47:36 Jul 20 2026,98,51,0,0,0
13:47:40 Jul 20 2026,98,50,0,0,0
13:47:44 Jul 20 2026,98,50,0,0,0
13:47:48 Jul 20 2026,98,50,0,0,0
13:47:52 Jul 20 2026,98,51,0,0,0
13:47:56 Jul 20 2026,98,51,0,0,0
13:48:00 Jul 20 2026,98,50,0,0,0
13:48:04 Jul 20 2026,98,50,0,0,0
13:48:08 Jul 20 2026,98,49,0,0,0
13:48:12 Jul 20 2026,98,49,0,0,0
13:48:16 Jul 20 2026,98,48,0,0,0
13:48:20 Jul 20 2026,98,48,0,0,0
13:48:24 Jul 20 2026,98,48,0,0,0
13:48:28 Jul 20 2026,98,47,0,0,0
13:48:32 Jul 20 2026,98,48,0,0,0
13:48:36 Jul 20 2026,98,49,0,0,0
13:48:40 Jul 20 2026,98,48,0,0,0
13:48:44 Jul 20 2026,98,47,0,0,0
13:48:48 Jul 20 2026,98,50,0,0,0
13:48:52 Jul 20 2026,98,51,0,0,0
13:48:56 Jul 20 2026,98,51,5,0,0
13:49:00 Jul 20 2026,98,51,2,0,0
13:49:04 Jul 20 2026,97,57,0,0,0
13:49:08 Jul 20 2026,97,62,0,0,0
13:49:12 Jul 20 2026,97,62,6,0,0
13:49:16 Jul 20 2026,97,63,5,0,0
13:49:20 Jul 20 2026,98,63,0,0,0
13:49:24 Jul 20 2026,98,64,0,0,0
13:49:28 Jul 20 2026,98,61,0,0,0
13:49:32 Jul 20 2026,98,55,0,0,0
13:49:36 Jul 20 2026,98,52,0,0,0
13:49:40 Jul 20 2026,98,52,0,0,0
13:49:44 Jul 20 2026,98,50,0,0,0
13:49:48 Jul 20 2026,98,48,0,0,0
13:49:52 Jul 20 2026,98,48,0,0,0
13:49:56 Jul 20 2026,98,49,0,0,0
13:50:00 Jul 20 2026,98,49,0,0,0
13:50:04 Jul 20 2026,98,47,0,0,0
13:50:08 Jul 20 2026,98,48,0,0,0
13:50:12 Jul 20 2026,98,51,0,0,0
13:50:16 Jul 20 2026,98,51,0,0,0
13:50:20 Jul 20 2026,98,51,0,0,0
13:50:24 Jul 20 2026,98,50,0,0,0
13:50:28 Jul 20 2026,98,49,0,0,0
13:50:32 Jul 20 2026,98,48,0,0,0
13:50:36 Jul 20 2026,98,48,0,0,0
13:50:40 Jul 20 2026,98,49,0,0,0
13:50:44 Jul 20 2026,98,50,0,0,0
13:50:48 Jul 20 2026,98,50,0,0,0
13:50:52 Jul 20 2026,98,52,0,0,0
13:50:56 Jul 20 2026,98,54,0,0,0
13:51:00 Jul 20 2026,98,55,6,0,0
13:51:04 Jul 20 2026,98,56,3,0,0
13:51:08 Jul 20 2026,97,57,0,0,0
13:51:12 Jul 20 2026,97,56,0,0,0
13:51:16 Jul 20 2026,97,56,0,0,0
13:51:20 Jul 20 2026,98,55,0,0,0
13:51:24 Jul 20 2026,98,52,0,0,0
13:51:28 Jul 20 2026,98,50,0,0,0
13:51:32 Jul 20 2026,98,48,0,0,0
13:51:36 Jul 20 2026,98,47,0,0,0
13:51:40 Jul 20 2026,98,48,0,0,0
13:51:44 Jul 20 2026,98,47,0,0,0
13:51:48 Jul 20 2026,98,46,0,0,0
13:51:52 Jul 20 2026,98,46,0,0,0
13:51:56 Jul 20 2026,98,48,0,0,0
13:52:00 Jul 20 2026,98,49,0,0,0
13:52:04 Jul 20 2026,98,49,0,0,0
13:52:08 Jul 20 2026,98,49,0,0,0
13:52:12 Jul 20 2026,98,49,0,0,0
13:52:16 Jul 20 2026,98,49,0,0,0
13:52:20 Jul 20 2026,98,49,0,0,0
13:52:24 Jul 20 2026,98,49,0,0,0
13:52:28 Jul 20 2026,98,49,0,0,0
13:52:32 Jul 20 2026,98,51,0,0,0
13:52:36 Jul 20 2026,98,51,0,0,0
13:52:40 Jul 20 2026,98,50,0,0,0
13:52:44 Jul 20 2026,98,49,0,0,0
13:52:48 Jul 20 2026,98,49,0,0,0
13:52:52 Jul 20 2026,98,49,0,0,0
13:52:56 Jul 20 2026,98,47,0,0,0
13:53:00 Jul 20 2026,98,46,0,0,0
13:53:04 Jul 20 2026,98,48,0,0,0
13:53:08 Jul 20 2026,98,48,0,0,0
13:53:12 Jul 20 2026,98,47,0,0,0
13:53:16 Jul 20 2026,98,48,0,0,0
13:53:20 Jul 20 2026,98,49,0,0,0
13:53:24 Jul 20 2026,98,49,0,0,0
13:53:28 Jul 20 2026,98,48,0,0,0
13:53:32 Jul 20 2026,98,48,0,0,0
13:53:36 Jul 20 2026,98,48,0,0,0
13:53:40 Jul 20 2026,98,47,0,0,0
13:53:44 Jul 20 2026,98,48,0,0,0
13:53:48 Jul 20 2026,98,49,0,0,0
13:53:52 Jul 20 2026,98,49,0,0,0
13:53:56 Jul 20 2026,98,49,0,0,0
13:54:00 Jul 20 2026,98,48,0,0,0
13:54:04 Jul 20 2026,98,48,0,0,0
13:54:08 Jul 20 2026,98,48,0,0,0
13:54:12 Jul 20 2026,98,48,0,0,0
13:54:16 Jul 20 2026,98,48,0,0,0
13:54:20 Jul 20 2026,98,47,0,0,0
13:54:24 Jul 20 2026,98,46,0,0,0
13:54:28 Jul 20 2026,98,46,0,0,0
13:54:32 Jul 20 2026,98,47,0,0,0
13:54:36 Jul 20 2026,98,48,0,0,0
13:54:40 Jul 20 2026,98,51,0,0,0
13:54:44 Jul 20 2026,98,54,2,0,0
13:54:48 Jul 20 2026,98,57,6,0,0
13:54:52 Jul 20 2026,98,58,0,0,0
13:54:56 Jul 20 2026,98,58,1,0,0
13:55:00 Jul 20 2026,98,58,4,0,0
13:55:04 Jul 20 2026,98,58,5,0,0
13:55:08 Jul 20 2026,98,58,0,0,0
13:55:12 Jul 20 2026,98,64,0,0,0
13:55:16 Jul 20 2026,98,62,0,0,0
13:55:20 Jul 20 2026,98,63,0,0,0
13:55:24 Jul 20 2026,98,58,0,0,0
13:55:28 Jul 20 2026,99,54,0,0,0
13:55:32 Jul 20 2026,98,52,0,0,0
13:55:36 Jul 20 2026,98,50,0,0,0
13:55:40 Jul 20 2026,98,49,0,0,0
13:55:44 Jul 20 2026,98,47,0,0,0
13:55:48 Jul 20 2026,98,47,0,0,0
13:55:52 Jul 20 2026,98,48,0,0,0
13:55:56 Jul 20 2026,98,47,0,0,0
13:56:00 Jul 20 2026,98,48,0,0,0
13:56:04 Jul 20 2026,98,49,0,0,0
13:56:08 Jul 20 2026,98,49,0,0,0
13:56:12 Jul 20 2026,98,51,0,0,0
13:56:16 Jul 20 2026,98,53,0,0,0
13:56:20 Jul 20 2026,98,49,0,0,0
13:56:24 Jul 20 2026,98,49,0,0,0
13:56:28 Jul 20 2026,98,49,3,0,0
13:56:32 Jul 20 2026,98,53,0,0,0
13:56:36 Jul 20 2026,98,59,0,0,0
13:56:40 Jul 20 2026,98,58,0,0,0
13:56:44 Jul 20 2026,98,58,2,0,0
13:56:48 Jul 20 2026,98,56,0,0,0
13:56:52 Jul 20 2026,98,53,0,0,0
13:56:56 Jul 20 2026,98,50,0,0,0
13:57:00 Jul 20 2026,98,50,0,0,0
13:57:04 Jul 20 2026,98,50,0,0,0
13:57:08 Jul 20 2026,98,49,0,0,0
13:57:12 Jul 20 2026,98,50,4,0,0
13:57:16 Jul 20 2026,98,50,8,0,0
13:57:20 Jul 20 2026,98,51,0,0,0
13:57:24 Jul 20 2026,98,50,0,0,0
13:57:28 Jul 20 2026,98,48,0,0,0
13:57:32 Jul 20 2026,98,49,0,0,0
13:57:36 Jul 20 2026,98,49,0,0,0
13:57:40 Jul 20 2026,98,49,0,0,0
13:57:44 Jul 20 2026,98,48,0,0,0
13:57:48 Jul 20 2026,98,48,0,0,0
13:57:52 Jul 20 2026,98,49,0,0,0
13:57:56 Jul 20 2026,98,49,0,0,0
13:58:00 Jul 20 2026,98,49,0,0,0
13:58:04 Jul 20 2026,98,51,0,0,0
13:58:08 Jul 20 2026,98,50,0,0,0
13:58:12 Jul 20 2026,98,49,0,0,0
13:58:16 Jul 20 2026,98,49,0,0,0
13:58:20 Jul 20 2026,98,49,0,0,0
13:58:24 Jul 20 2026,98,50,0,0,0
13:58:28 Jul 20 2026,98,51,0,0,0
13:58:32 Jul 20 2026,98,51,0,0,0
13:58:36 Jul 20 2026,98,51,0,0,0
13:58:40 Jul 20 2026,98,51,0,0,0
13:58:44 Jul 20 2026,98,51,0,0,0
13:58:48 Jul 20 2026,98,51,0,0,0
13:58:52 Jul 20 2026,98,51,0,0,0
13:58:56 Jul 20 2026,98,50,0,0,0
13:59:00 Jul 20 2026,98,50,0,0,0
13:59:04 Jul 20 2026,98,52,3,0,0
13:59:08 Jul 20 2026,98,52,0,0,0
13:59:12 Jul 20 2026,98,53,1,0,0
13:59:16 Jul 20 2026,98,53,1,0,0
13:59:20 Jul 20 2026,98,55,0,0,0
13:59:24 Jul 20 2026,98,58,2,0,0
13:59:28 Jul 20 2026,98,59,1,0,0
13:59:32 Jul 20 2026,98,60,1,0,0
13:59:36 Jul 20 2026,98,60,12,0,0
13:59:40 Jul 20 2026,98,60,20,0,0
13:59:44 Jul 20 2026,98,60,0,0,0
13:59:48 Jul 20 2026,98,59,0,0,0
13:59:52 Jul 20 2026,99,57,0,0,0
13:59:56 Jul 20 2026,98,55,0,0,0
14:00:00 Jul 20 2026,98,55,0,0,0
14:00:04 Jul 20 2026,98,57,0,0,0
14:00:08 Jul 20 2026,98,57,0,0,0
14:00:12 Jul 20 2026,98,56,0,0,0
14:00:16 Jul 20 2026,98,56,0,0,0
14:00:20 Jul 20 2026,98,57,0,0,0
14:00:24 Jul 20 2026,98,58,0,0,0
14:00:28 Jul 20 2026,98,57,0,0,0
14:00:32 Jul 20 2026,98,55,0,0,0
14:00:36 Jul 20 2026,98,54,0,0,0
14:00:40 Jul 20 2026,98,55,0,0,0
14:00:44 Jul 20 2026,98,55,5,0,0
14:00:48 Jul 20 2026,98,55,10,0,0
14:00:52 Jul 20 2026,98,55,1,0,0
14:00:56 Jul 20 2026,98,55,0,0,0
14:01:00 Jul 20 2026,98,56,0,0,0
14:01:04 Jul 20 2026,98,56,0,0,0
14:01:08 Jul 20 2026,98,56,0,0,0
14:01:12 Jul 20 2026,98,56,0,0,0
14:01:16 Jul 20 2026,98,55,0,0,0
14:01:20 Jul 20 2026,98,55,0,0,0
14:01:24 Jul 20 2026,98,55,0,0,0
14:01:28 Jul 20 2026,98,55,0,0,0
14:01:32 Jul 20 2026,98,54,0,0,0
14:01:36 Jul 20 2026,98,53,0,0,0
14:01:40 Jul 20 2026,98,52,0,0,0
14:01:44 Jul 20 2026,98,52,0,0,0
14:01:48 Jul 20 2026,98,54,0,0,0
14:01:52 Jul 20 2026,98,56,0,0,0
14:01:56 Jul 20 2026,98,56,0,0,0
14:02:00 Jul 20 2026,98,56,0,0,0
14:02:04 Jul 20 2026,98,56,0,0,0
14:02:08 Jul 20 2026,98,59,0,0,0
14:02:12 Jul 20 2026,98,59,0,0,0
14:02:16 Jul 20 2026,98,56,0,0,0
14:02:20 Jul 20 2026,98,56,0,0,0
14:02:24 Jul 20 2026,98,56,0,0,0
14:02:28 Jul 20 2026,98,56,1,0,0
14:02:32 Jul 20 2026,98,55,0,0,0
14:02:36 Jul 20 2026,98,56,0,0,0
14:02:40 Jul 20 2026,98,55,0,0,0
14:02:44 Jul 20 2026,98,52,0,0,0
14:02:48 Jul 20 2026,98,51,0,0,0
14:02:52 Jul 20 2026,98,52,0,0,0
14:02:56 Jul 20 2026,98,54,0,0,0
14:03:00 Jul 20 2026,98,55,0,0,0
14:03:04 Jul 20 2026,98,56,0,0,0
14:03:08 Jul 20 2026,98,58,0,0,0
14:03:12 Jul 20 2026,98,57,0,0,0
14:03:16 Jul 20 2026,98,57,0,0,0
14:03:20 Jul 20 2026,98,59,0,0,0
14:03:24 Jul 20 2026,98,61,0,0,0
14:03:28 Jul 20 2026,98,62,0,0,0
14:03:32 Jul 20 2026,98,62,0,0,0
14:03:36 Jul 20 2026,98,62,0,0,0
14:03:40 Jul 20 2026,99,63,13,0,0
14:03:44 Jul 20 2026,99,64,11,0,0
14:03:48 Jul 20 2026,99,64,1,0,0
14:03:52 Jul 20 2026,98,63,0,0,0
14:03:56 Jul 20 2026,98,62,0,0,0
14:04:00 Jul 20 2026,98,59,0,0,0
14:04:04 Jul 20 2026,98,58,0,0,0
14:04:08 Jul 20 2026,98,57,0,0,0
14:04:12 Jul 20 2026,98,56,0,0,0
14:04:16 Jul 20 2026,98,55,0,0,0
14:04:20 Jul 20 2026,98,54,0,0,0
14:04:24 Jul 20 2026,98,54,0,0,0
14:04:28 Jul 20 2026,98,54,0,0,0
14:04:32 Jul 20 2026,98,56,0,0,0
14:04:36 Jul 20 2026,98,56,0,0,0
14:04:40 Jul 20 2026,98,55,0,0,0
14:04:44 Jul 20 2026,98,55,0,0,0
14:04:48 Jul 20 2026,98,55,0,0,0
14:04:52 Jul 20 2026,98,53,0,0,0
14:04:56 Jul 20 2026,98,54,0,0,0
14:05:00 Jul 20 2026,98,55,0,0,0
14:05:04 Jul 20 2026,98,55,0,0,0
14:05:08 Jul 20 2026,98,54,0,0,0
14:05:12 Jul 20 2026,98,55,0,0,0
14:05:16 Jul 20 2026,98,55,0,0,0
14:05:20 Jul 20 2026,98,55,0,0,0
14:05:24 Jul 20 2026,98,55,0,0,0
14:05:28 Jul 20 2026,98,57,0,0,0
14:05:32 Jul 20 2026,98,59,0,0,0
14:05:36 Jul 20 2026,98,58,0,0,0
14:05:40 Jul 20 2026,98,56,0,0,0
14:05:44 Jul 20 2026,98,55,0,0,0
14:05:48 Jul 20 2026,98,55,0,0,0
14:05:52 Jul 20 2026,98,55,0,0,0
14:05:56 Jul 20 2026,98,57,0,0,0
14:06:00 Jul 20 2026,98,58,0,0,0
14:06:04 Jul 20 2026,98,59,0,0,0
14:06:08 Jul 20 2026,98,59,0,0,0
14:06:12 Jul 20 2026,98,59,0,0,0
14:06:16 Jul 20 2026,98,59,0,0,0
14:06:20 Jul 20 2026,98,59,0,0,0
14:06:24 Jul 20 2026,98,59,0,0,0
14:06:28 Jul 20 2026,98,59,0,0,0
14:06:32 Jul 20 2026,98,58,0,0,0
14:06:36 Jul 20 2026,98,58,0,0,0
14:06:40 Jul 20 2026,98,57,0,0,0
14:06:44 Jul 20 2026,98,56,0,0,0
14:06:48 Jul 20 2026,98,57,0,0,0
14:06:52 Jul 20 2026,98,58,0,0,0
14:06:56 Jul 20 2026,98,58,0,0,0
14:07:00 Jul 20 2026,98,58,0,0,0
14:07:04 Jul 20 2026,98,57,0,0,0
14:07:08 Jul 20 2026,98,58,0,0,0
14:07:12 Jul 20 2026,98,58,4,0,0
14:07:16 Jul 20 2026,98,58,1,0,0
14:07:20 Jul 20 2026,98,62,0,0,0
14:07:24 Jul 20 2026,98,65,0,0,0
14:07:28 Jul 20 2026,98,66,0,0,0
14:07:32 Jul 20 2026,98,67,0,0,0
14:07:36 Jul 20 2026,99,63,0,0,0
14:07:40 Jul 20 2026,99,57,0,0,0
14:07:44 Jul 20 2026,99,56,0,0,0
14:07:48 Jul 20 2026,99,56,0,0,0
14:07:52 Jul 20 2026,99,56,0,0,0
14:07:56 Jul 20 2026,98,57,0,0,0
14:08:00 Jul 20 2026,98,57,0,0,0
14:08:04 Jul 20 2026,99,57,0,0,0
14:08:08 Jul 20 2026,99,56,0,0,0
14:08:12 Jul 20 2026,98,56,0,0,0
14:08:16 Jul 20 2026,98,56,0,0,0
14:08:20 Jul 20 2026,98,56,0,0,0
14:08:24 Jul 20 2026,98,57,0,0,0
14:08:28 Jul 20 2026,98,57,0,0,0
14:08:32 Jul 20 2026,98,56,0,0,0
14:08:36 Jul 20 2026,98,57,0,0,0
14:08:40 Jul 20 2026,98,58,0,0,0
14:08:44 Jul 20 2026,98,57,3,0,0
14:08:48 Jul 20 2026,98,57,0,0,0
14:08:52 Jul 20 2026,98,57,0,0,0
14:08:56 Jul 20 2026,98,58,0,0,0
14:09:00 Jul 20 2026,98,60,0,0,0
14:09:04 Jul 20 2026,98,58,0,0,0
14:09:08 Jul 20 2026,98,58,0,0,0
14:09:12 Jul 20 2026,98,57,0,0,0
14:09:16 Jul 20 2026,98,56,0,0,0
14:09:20 Jul 20 2026,98,57,0,0,0
14:09:24 Jul 20 2026,98,58,0,0,0
14:09:28 Jul 20 2026,98,57,0,0,0
14:09:32 Jul 20 2026,98,56,0,0,0
14:09:36 Jul 20 2026,98,54,0,0,0
14:09:40 Jul 20 2026,98,54,0,0,0
14:09:44 Jul 20 2026,98,55,0,0,0
14:09:48 Jul 20 2026,98,57,0,0,0
14:09:52 Jul 20 2026,98,58,0,0,0
14:09:56 Jul 20 2026,98,59,0,0,0
14:10:00 Jul 20 2026,98,59,0,0,0
14:10:04 Jul 20 2026,98,59,0,0,0
14:10:08 Jul 20 2026,98,59,2,0,0
14:10:12 Jul 20 2026,98,58,0,0,0
14:10:16 Jul 20 2026,98,61,0,0,0
14:10:20 Jul 20 2026,98,62,0,0,0
14:10:24 Jul 20 2026,98,65,0,0,0
14:10:28 Jul 20 2026,98,63,0,0,0
14:10:32 Jul 20 2026,98,64,0,0,0
14:10:36 Jul 20 2026,98,67,0,0,0
14:10:40 Jul 20 2026,98,68,0,0,0
14:10:44 Jul 20 2026,98,68,2,0,0
14:10:48 Jul 20 2026,98,67,0,0,0
14:10:52 Jul 20 2026,98,66,0,0,0
14:10:56 Jul 20 2026,99,63,0,0,0
14:11:00 Jul 20 2026,99,61,0,0,0
14:11:04 Jul 20 2026,98,60,0,0,0
14:11:08 Jul 20 2026,98,60,0,0,0
14:11:12 Jul 20 2026,99,60,1,0,0
14:11:16 Jul 20 2026,98,62,0,0,0
14:11:20 Jul 20 2026,98,64,0,0,0
14:11:24 Jul 20 2026,98,64,0,0,0
14:11:28 Jul 20 2026,98,64,2,0,0
14:11:32 Jul 20 2026,98,64,2,0,0
14:11:36 Jul 20 2026,98,64,0,0,0
14:11:40 Jul 20 2026,98,62,0,0,0
14:11:44 Jul 20 2026,98,57,0,0,0
14:11:48 Jul 20 2026,98,57,0,0,0
14:11:52 Jul 20 2026,98,56,0,0,0
14:11:56 Jul 20 2026,98,56,0,0,0
14:12:00 Jul 20 2026,98,57,0,0,0
14:12:04 Jul 20 2026,98,58,0,0,0
14:12:08 Jul 20 2026,98,58,0,0,0
14:12:12 Jul 20 2026,98,58,0,0,0
14:12:16 Jul 20 2026,98,59,3,0,0
14:12:20 Jul 20 2026,98,60,11,0,0
14:12:24 Jul 20 2026,98,60,19,0,0
14:12:28 Jul 20 2026,98,60,0,0,0
14:12:32 Jul 20 2026,98,60,0,0,0
14:12:36 Jul 20 2026,98,61,1,0,0
14:12:40 Jul 20 2026,98,60,0,0,0
14:12:44 Jul 20 2026,99,60,0,0,0
14:12:48 Jul 20 2026,98,61,0,0,0
14:12:52 Jul 20 2026,98,62,0,0,0
14:12:56 Jul 20 2026,98,62,0,0,0
14:13:00 Jul 20 2026,98,62,0,0,0
14:13:04 Jul 20 2026,98,61,0,0,0
14:13:08 Jul 20 2026,98,61,0,0,0
14:13:12 Jul 20 2026,98,60,0,0,0
14:13:16 Jul 20 2026,98,60,0,0,0
14:13:20 Jul 20 2026,98,60,0,0,0
14:13:24 Jul 20 2026,98,60,0,0,0
14:13:28 Jul 20 2026,98,61,0,0,0
14:13:32 Jul 20 2026,98,58,0,0,0
14:13:36 Jul 20 2026,99,55,0,0,0
14:13:40 Jul 20 2026,98,54,0,0,0
14:13:44 Jul 20 2026,98,55,0,0,0
14:13:48 Jul 20 2026,98,57,0,0,0
14:13:52 Jul 20 2026,98,58,0,0,0
14:13:56 Jul 20 2026,98,58,0,0,0
14:14:00 Jul 20 2026,98,57,0,0,0
14:14:04 Jul 20 2026,98,55,0,0,0
14:14:08 Jul 20 2026,98,54,0,0,0
14:14:12 Jul 20 2026,98,57,0,0,0
14:14:16 Jul 20 2026,98,57,0,0,0
14:14:20 Jul 20 2026,98,57,0,0,0
14:14:24 Jul 20 2026,98,57,0,0,0
14:14:28 Jul 20 2026,98,59,1,0,0
14:14:32 Jul 20 2026,98,59,2,0,0
14:14:36 Jul 20 2026,98,57,1,0,0
14:14:40 Jul 20 2026,98,60,0,0,0
14:14:44 Jul 20 2026,99,59,0,0,0
14:14:48 Jul 20 2026,99,56,0,0,0
14:14:52 Jul 20 2026,99,54,0,0,0
14:14:56 Jul 20 2026,98,53,0,0,0
14:15:00 Jul 20 2026,99,51,0,0,0
14:15:04 Jul 20 2026,99,50,0,0,0
14:15:08 Jul 20 2026,99,51,0,0,0
14:15:12 Jul 20 2026,98,51,0,0,0
14:15:16 Jul 20 2026,98,52,0,0,0
14:15:20 Jul 20 2026,98,57,0,0,0
14:15:24 Jul 20 2026,98,59,0,0,0
14:15:28 Jul 20 2026,98,60,0,0,0
14:15:32 Jul 20 2026,98,57,0,0,0
14:15:36 Jul 20 2026,98,58,0,0,0
14:15:40 Jul 20 2026,98,57,0,0,0
14:15:44 Jul 20 2026,98,56,0,0,0
14:15:48 Jul 20 2026,98,57,0,0,0
14:15:52 Jul 20 2026,98,60,0,0,0
14:15:56 Jul 20 2026,98,59,0,0,0
14:16:00 Jul 20 2026,98,59,2,0,0
14:16:04 Jul 20 2026,98,59,0,0,0
14:16:08 Jul 20 2026,98,60,0,0,0
14:16:12 Jul 20 2026,98,61,0,0,0
14:16:16 Jul 20 2026,98,62,0,0,0
14:16:20 Jul 20 2026,98,62,0,0,0
14:16:24 Jul 20 2026,98,59,0,0,0
14:16:28 Jul 20 2026,98,58,0,0,0
14:16:32 Jul 20 2026,98,54,0,0,0
14:16:36 Jul 20 2026,98,56,0,0,0
14:16:40 Jul 20 2026,98,52,0,0,0
14:16:44 Jul 20 2026,98,54,0,0,0
14:16:48 Jul 20 2026,98,55,0,0,0
14:16:52 Jul 20 2026,98,59,0,0,0
14:16:56 Jul 20 2026,98,60,0,0,0
14:17:00 Jul 20 2026,99,58,0,0,0
14:17:04 Jul 20 2026,99,58,0,0,0
14:17:08 Jul 20 2026,99,59,0,0,0
14:17:12 Jul 20 2026,99,59,0,0,0
14:17:16 Jul 20 2026,99,59,0,0,0
14:17:20 Jul 20 2026,99,59,0,0,0
14:17:24 Jul 20 2026,99,59,5,0,0
14:17:28 Jul 20 2026,99,59,3,0,0
14:17:32 Jul 20 2026,98,61,4,0,0
14:17:36 Jul 20 2026,98,65,4,0,0
14:17:40 Jul 20 2026,97,67,4,0,0
14:17:44 Jul 20 2026,97,65,1,0,0
14:17:48 Jul 20 2026,98,64,2,0,0
14:17:52 Jul 20 2026,98,63,0,0,0
14:17:56 Jul 20 2026,98,64,0,0,0
14:18:00 Jul 20 2026,98,62,0,0,0
14:18:04 Jul 20 2026,98,61,0,0,0
14:18:08 Jul 20 2026,98,60,0,0,0
14:18:12 Jul 20 2026,98,58,0,0,0
14:18:16 Jul 20 2026,98,60,0,0,0
14:18:20 Jul 20 2026,98,59,0,0,0
14:18:24 Jul 20 2026,98,57,0,0,0
14:18:28 Jul 20 2026,98,58,0,0,0
14:18:32 Jul 20 2026,98,56,0,0,0
14:18:36 Jul 20 2026,98,55,0,0,0
14:18:40 Jul 20 2026,98,52,0,0,0
14:18:44 Jul 20 2026,98,50,0,0,0
14:18:48 Jul 20 2026,98,50,0,0,0
14:18:52 Jul 20 2026,98,50,0,0,0
14:18:56 Jul 20 2026,98,49,0,0,0
14:19:00 Jul 20 2026,98,49,0,0,0
14:19:04 Jul 20 2026,98,49,0,0,0
14:19:08 Jul 20 2026,98,50,0,0,0
14:19:12 Jul 20 2026,98,51,0,0,0
14:19:16 Jul 20 2026,98,50,0,0,0
14:19:20 Jul 20 2026,98,50,0,0,0
14:19:24 Jul 20 2026,98,52,0,0,0
14:19:28 Jul 20 2026,98,58,0,0,0
14:19:32 Jul 20 2026,98,58,5,0,0
14:19:36 Jul 20 2026,98,59,0,0,0
14:19:40 Jul 20 2026,98,63,1,0,0
14:19:44 Jul 20 2026,98,60,0,0,0
14:19:48 Jul 20 2026,98,57,0,0,0
14:19:52 Jul 20 2026,98,54,0,0,0
14:19:56 Jul 20 2026,98,53,0,0,0
14:20:00 Jul 20 2026,98,53,0,0,0
14:20:04 Jul 20 2026,98,51,0,0,0
14:20:08 Jul 20 2026,98,50,0,0,0
14:20:12 Jul 20 2026,98,52,0,0,0
14:20:16 Jul 20 2026,98,55,0,0,0
14:20:20 Jul 20 2026,98,57,0,0,0
14:20:24 Jul 20 2026,98,57,0,0,0
14:20:28 Jul 20 2026,98,56,0,0,0
14:20:32 Jul 20 2026,98,56,0,0,0
14:20:36 Jul 20 2026,98,56,0,0,0
14:20:40 Jul 20 2026,98,56,0,0,0
14:20:44 Jul 20 2026,98,55,0,0,0
14:20:48 Jul 20 2026,98,52,0,0,0
14:20:52 Jul 20 2026,98,51,0,0,0
14:20:56 Jul 20 2026,98,51,0,0,0
14:21:00 Jul 20 2026,97,50,0,0,0
14:21:04 Jul 20 2026,97,51,0,0,0
14:21:08 Jul 20 2026,97,52,0,0,0
14:21:12 Jul 20 2026,98,54,0,0,0
14:21:16 Jul 20 2026,98,55,0,0,0
14:21:20 Jul 20 2026,98,55,0,0,0
14:21:24 Jul 20 2026,98,55,0,0,0
14:21:28 Jul 20 2026,98,55,0,0,0
14:21:32 Jul 20 2026,98,54,0,0,0
14:21:36 Jul 20 2026,98,54,0,0,0
14:21:40 Jul 20 2026,98,54,0,0,0
14:21:44 Jul 20 2026,98,54,0,0,0
14:21:48 Jul 20 2026,98,57,0,0,0
14:21:52 Jul 20 2026,98,58,0,0,0
14:21:56 Jul 20 2026,98,55,0,0,0
14:22:00 Jul 20 2026,98,55,0,0,0
14:22:04 Jul 20 2026,98,53,0,0,0
14:22:08 Jul 20 2026,98,53,0,0,0
14:22:12 Jul 20 2026,98,53,6,0,0
14:22:16 Jul 20 2026,98,55,0,0,0
14:22:20 Jul 20 2026,98,58,0,0,0
14:22:24 Jul 20 2026,98,59,0,0,0
14:22:28 Jul 20 2026,98,60,0,0,0
14:22:32 Jul 20 2026,98,59,0,0,0
14:22:36 Jul 20 2026,98,56,0,0,0
14:22:40 Jul 20 2026,98,56,0,0,0
14:22:44 Jul 20 2026,98,58,0,0,0
14:22:48 Jul 20 2026,98,57,0,0,0
14:22:52 Jul 20 2026,98,55,0,0,0
14:22:56 Jul 20 2026,98,56,0,0,0
14:23:00 Jul 20 2026,98,56,0,0,0
14:23:04 Jul 20 2026,98,54,0,0,0
14:23:08 Jul 20 2026,98,55,0,0,0
14:23:12 Jul 20 2026,98,57,0,0,0
14:23:16 Jul 20 2026,98,57,0,0,0
14:23:20 Jul 20 2026,98,56,0,0,0
14:23:24 Jul 20 2026,98,56,0,0,0
14:23:28 Jul 20 2026,98,56,0,0,0
14:23:32 Jul 20 2026,98,56,0,0,0
14:23:36 Jul 20 2026,98,57,0,0,0
14:23:40 Jul 20 2026,98,58,0,0,0
14:23:44 Jul 20 2026,98,58,0,0,0
14:23:48 Jul 20 2026,98,60,0,0,0
14:23:52 Jul 20 2026,98,60,0,0,0
14:23:56 Jul 20 2026,98,61,0,0,0
14:24:00 Jul 20 2026,98,61,0,0,0
14:24:04 Jul 20 2026,98,56,0,0,0
14:24:08 Jul 20 2026,98,54,0,0,0
14:24:12 Jul 20 2026,98,53,0,0,0
14:24:16 Jul 20 2026,98,53,0,0,0
14:24:20 Jul 20 2026,98,53,0,0,0
14:24:24 Jul 20 2026,98,56,0,0,0
14:24:28 Jul 20 2026,98,57,0,0,0
14:24:32 Jul 20 2026,97,58,0,0,0
14:24:36 Jul 20 2026,98,62,0,0,0
14:24:40 Jul 20 2026,98,64,0,0,0
14:24:44 Jul 20 2026,98,63,1,0,0
14:24:48 Jul 20 2026,98,63,0,0,0
14:24:52 Jul 20 2026,98,65,0,0,0
14:24:56 Jul 20 2026,98,69,0,0,0
14:25:00 Jul 20 2026,98,68,0,0,0
14:25:04 Jul 20 2026,98,64,0,0,0
14:25:08 Jul 20 2026,98,62,0,0,0
14:25:12 Jul 20 2026,98,61,0,0,0
14:25:16 Jul 20 2026,98,60,0,0,0
14:25:20 Jul 20 2026,98,60,0,0,0
14:25:24 Jul 20 2026,98,63,0,0,0
14:25:28 Jul 20 2026,98,65,0,0,0
14:25:32 Jul 20 2026,98,63,0,0,0
14:25:36 Jul 20 2026,98,60,0,0,0
14:25:40 Jul 20 2026,98,59,0,0,0
14:25:44 Jul 20 2026,98,57,0,0,0
14:25:48 Jul 20 2026,98,55,0,0,0
14:25:52 Jul 20 2026,98,56,0,0,0
14:25:56 Jul 20 2026,98,57,0,0,0
14:26:00 Jul 20 2026,98,57,0,0,0
14:26:04 Jul 20 2026,98,57,0,0,0
14:26:08 Jul 20 2026,98,60,0,0,0
14:26:12 Jul 20 2026,98,60,0,0,0
14:26:16 Jul 20 2026,98,60,0,0,0
14:26:20 Jul 20 2026,98,59,0,0,0
14:26:24 Jul 20 2026,98,60,1,0,0
14:26:28 Jul 20 2026,98,60,0,0,0
14:26:32 Jul 20 2026,98,61,0,0,0
14:26:36 Jul 20 2026,98,62,0,0,0
14:26:40 Jul 20 2026,98,61,0,0,0
14:26:44 Jul 20 2026,98,60,0,0,0
14:26:48 Jul 20 2026,98,60,0,0,0
14:26:52 Jul 20 2026,98,59,0,0,0
14:26:56 Jul 20 2026,98,59,0,0,0
14:27:00 Jul 20 2026,98,60,0,0,0
14:27:04 Jul 20 2026,98,61,0,0,0
14:27:08 Jul 20 2026,98,62,0,0,0
14:27:12 Jul 20 2026,98,60,0,0,0
14:27:16 Jul 20 2026,98,58,0,0,0
14:27:20 Jul 20 2026,98,58,3,0,0
14:27:24 Jul 20 2026,98,58,0,0,0
14:27:28 Jul 20 2026,98,58,0,0,0
14:27:32 Jul 20 2026,98,57,13,0,0
14:27:36 Jul 20 2026,98,59,0,0,0
14:27:40 Jul 20 2026,98,59,0,0,0
14:27:44 Jul 20 2026,98,57,0,0,0
14:27:48 Jul 20 2026,98,55,0,0,0
14:27:52 Jul 20 2026,98,55,0,0,0
14:27:56 Jul 20 2026,98,55,0,0,0
14:28:00 Jul 20 2026,98,56,0,0,0
14:28:04 Jul 20 2026,98,56,0,0,0
14:28:08 Jul 20 2026,98,57,0,0,0
14:28:12 Jul 20 2026,98,59,0,0,0
14:28:16 Jul 20 2026,98,59,0,0,0
14:28:20 Jul 20 2026,98,60,0,0,0
14:28:24 Jul 20 2026,98,60,0,0,0
14:28:28 Jul 20 2026,98,58,0,0,0
14:28:32 Jul 20 2026,98,57,0,0,0
14:28:36 Jul 20 2026,98,59,0,0,0
14:28:40 Jul 20 2026,98,58,0,0,0
14:28:44 Jul 20 2026,98,58,0,0,0
14:28:48 Jul 20 2026,98,59,0,0,0
14:28:52 Jul 20 2026,98,60,0,0,0
14:28:56 Jul 20 2026,98,61,0,0,0
14:29:00 Jul 20 2026,98,60,0,0,0
14:29:04 Jul 20 2026,98,62,0,0,0
14:29:08 Jul 20 2026,98,63,2,0,0
14:29:12 Jul 20 2026,98,63,2,0,0
14:29:16 Jul 20 2026,98,62,0,0,0
14:29:20 Jul 20 2026,98,62,0,0,0
14:29:24 Jul 20 2026,98,61,0,0,0
14:29:28 Jul 20 2026,98,59,0,0,0
14:29:32 Jul 20 2026,98,57,0,0,0
14:29:36 Jul 20 2026,98,55,0,0,0
14:29:40 Jul 20 2026,98,54,0,0,0
14:29:44 Jul 20 2026,98,56,0,0,0
14:29:48 Jul 20 2026,98,54,0,0,0
14:29:52 Jul 20 2026,98,50,0,0,0
14:29:56 Jul 20 2026,98,54,0,0,0
14:30:00 Jul 20 2026,98,58,0,0,0
14:30:04 Jul 20 2026,98,63,0,0,0
14:30:08 Jul 20 2026,98,63,0,0,0
14:30:12 Jul 20 2026,98,63,0,0,0
14:30:16 Jul 20 2026,98,64,0,0,0
14:30:20 Jul 20 2026,98,63,0,0,0
14:30:24 Jul 20 2026,98,60,0,0,0
14:30:28 Jul 20 2026,98,59,0,0,0
14:30:32 Jul 20 2026,98,59,0,0,0
14:30:36 Jul 20 2026,98,60,0,0,0
14:30:40 Jul 20 2026,98,60,0,0,0
14:30:44 Jul 20 2026,98,59,0,0,0
14:30:48 Jul 20 2026,98,59,0,0,0
14:30:52 Jul 20 2026,98,57,0,0,0
14:30:56 Jul 20 2026,98,54,0,0,0
14:31:00 Jul 20 2026,98,52,0,0,0
14:31:04 Jul 20 2026,98,54,0,0,0
14:31:08 Jul 20 2026,98,55,0,0,0
14:31:12 Jul 20 2026,98,55,0,0,0
14:31:16 Jul 20 2026,98,53,0,0,0
14:31:20 Jul 20 2026,98,52,0,0,0
14:31:24 Jul 20 2026,98,54,0,0,0
14:31:28 Jul 20 2026,98,56,0,0,0
14:31:32 Jul 20 2026,97,55,1,0,0
14:31:36 Jul 20 2026,98,58,0,0,0
14:31:40 Jul 20 2026,98,59,0,0,0
14:31:44 Jul 20 2026,98,58,0,0,0
14:31:48 Jul 20 2026,98,58,0,0,0
14:31:52 Jul 20 2026,98,58,0,0,0
14:31:56 Jul 20 2026,98,58,3,0,0
14:32:00 Jul 20 2026,98,59,0,0,0
14:32:04 Jul 20 2026,98,61,12,0,0
14:32:08 Jul 20 2026,98,61,4,0,0
14:32:12 Jul 20 2026,98,61,9,0,0
14:32:16 Jul 20 2026,98,61,5,0,0
14:32:20 Jul 20 2026,98,64,3,0,0
14:32:24 Jul 20 2026,98,64,0,0,0
14:32:28 Jul 20 2026,98,67,0,0,0
14:32:32 Jul 20 2026,98,67,0,0,0
14:32:36 Jul 20 2026,98,62,0,0,0
14:32:40 Jul 20 2026,98,58,0,0,0
14:32:44 Jul 20 2026,98,58,0,0,0
14:32:48 Jul 20 2026,98,58,0,0,0
14:32:52 Jul 20 2026,98,57,0,0,0
14:32:56 Jul 20 2026,98,57,1,0,0
14:33:00 Jul 20 2026,98,57,0,0,0
14:33:04 Jul 20 2026,98,56,0,0,0
14:33:08 Jul 20 2026,98,54,0,0,0
14:33:12 Jul 20 2026,99,52,0,0,0
14:33:16 Jul 20 2026,98,50,0,0,0
14:33:20 Jul 20 2026,98,50,0,0,0
14:33:24 Jul 20 2026,98,50,0,0,0
14:33:28 Jul 20 2026,98,49,0,0,0
14:33:32 Jul 20 2026,98,48,0,0,0
14:33:36 Jul 20 2026,98,49,0,0,0
14:33:40 Jul 20 2026,98,49,1,0,0
14:33:44 Jul 20 2026,98,49,1,0,0
14:33:48 Jul 20 2026,98,53,0,0,0
14:33:52 Jul 20 2026,98,59,0,0,0
14:33:56 Jul 20 2026,99,59,0,0,0
14:34:00 Jul 20 2026,99,58,0,0,0
14:34:04 Jul 20 2026,99,58,0,0,0
14:34:08 Jul 20 2026,98,59,0,0,0
14:34:12 Jul 20 2026,98,59,0,0,0
14:34:16 Jul 20 2026,98,56,0,0,0
14:34:20 Jul 20 2026,98,55,0,0,0
14:34:24 Jul 20 2026,98,54,0,0,0
14:34:28 Jul 20 2026,98,57,0,0,0
14:34:32 Jul 20 2026,98,58,1,0,0
14:34:36 Jul 20 2026,98,58,3,0,0
14:34:40 Jul 20 2026,98,60,0,0,0
14:34:44 Jul 20 2026,98,59,0,0,0
14:34:48 Jul 20 2026,98,58,0,0,0
14:34:52 Jul 20 2026,98,57,0,0,0
14:34:56 Jul 20 2026,98,54,0,0,0
14:35:00 Jul 20 2026,98,52,0,0,0
14:35:04 Jul 20 2026,98,52,0,0,0
14:35:08 Jul 20 2026,98,52,2,0,0
14:35:12 Jul 20 2026,98,52,0,0,0
14:35:16 Jul 20 2026,98,52,0,0,0
14:35:20 Jul 20 2026,98,52,0,0,0
14:35:24 Jul 20 2026,98,54,0,0,0
14:35:28 Jul 20 2026,98,57,0,0,0
14:35:32 Jul 20 2026,98,57,0,0,0
14:35:36 Jul 20 2026,98,57,0,0,0
14:35:40 Jul 20 2026,98,61,0,0,0
14:35:44 Jul 20 2026,98,63,0,0,0
14:35:48 Jul 20 2026,98,64,3,0,0
14:35:52 Jul 20 2026,98,67,0,0,0
14:35:56 Jul 20 2026,98,64,0,0,0
14:36:00 Jul 20 2026,98,57,0,0,0
14:36:04 Jul 20 2026,98,57,0,0,0
14:36:08 Jul 20 2026,98,57,0,0,0
14:36:12 Jul 20 2026,98,54,0,0,0
14:36:16 Jul 20 2026,98,51,0,0,0
14:36:20 Jul 20 2026,98,52,0,0,0
14:36:24 Jul 20 2026,98,54,0,0,0
14:36:28 Jul 20 2026,98,56,0,0,0
14:36:32 Jul 20 2026,98,57,0,0,0
14:36:36 Jul 20 2026,98,59,0,0,0
14:36:40 Jul 20 2026,98,61,0,0,0
14:36:44 Jul 20 2026,98,61,0,0,0
14:36:48 Jul 20 2026,98,60,0,0,0
14:36:52 Jul 20 2026,98,59,0,0,0
14:36:56 Jul 20 2026,98,60,0,0,0
14:37:00 Jul 20 2026,98,58,0,0,0
14:37:04 Jul 20 2026,98,58,0,0,0
14:37:08 Jul 20 2026,98,59,0,0,0
14:37:12 Jul 20 2026,98,59,0,0,0
14:37:16 Jul 20 2026,98,59,0,0,0
14:37:20 Jul 20 2026,98,60,0,0,0
14:37:24 Jul 20 2026,98,59,0,0,0
14:37:28 Jul 20 2026,98,58,0,0,0
14:37:32 Jul 20 2026,98,58,0,0,0
14:37:36 Jul 20 2026,98,60,0,0,0
14:37:40 Jul 20 2026,98,60,0,0,0
14:37:44 Jul 20 2026,98,61,0,0,0
14:37:48 Jul 20 2026,98,62,0,0,0
14:37:52 Jul 20 2026,98,59,0,0,0
14:37:56 Jul 20 2026,98,57,0,0,0
14:38:00 Jul 20 2026,98,59,2,0,0
14:38:04 Jul 20 2026,98,60,0,0,0
14:38:08 Jul 20 2026,98,61,0,0,0
14:38:12 Jul 20 2026,98,63,0,0,0
14:38:16 Jul 20 2026,98,66,0,0,0
14:38:20 Jul 20 2026,98,69,0,0,0
14:38:24 Jul 20 2026,98,70,0,0,0
14:38:28 Jul 20 2026,98,68,0,0,0
14:38:32 Jul 20 2026,98,68,0,0,0
14:38:36 Jul 20 2026,98,70,0,0,0
14:38:40 Jul 20 2026,98,72,0,0,0
14:38:44 Jul 20 2026,98,71,0,0,0
14:38:48 Jul 20 2026,98,69,0,0,0
14:38:52 Jul 20 2026,98,67,3,0,0
14:38:56 Jul 20 2026,98,64,0,0,0
14:39:00 Jul 20 2026,98,62,0,0,0
14:39:04 Jul 20 2026,98,60,0,0,0
14:39:08 Jul 20 2026,98,57,0,0,0
14:39:12 Jul 20 2026,98,56,0,0,0
14:39:16 Jul 20 2026,98,56,0,0,0
14:39:20 Jul 20 2026,98,56,0,0,0
14:39:24 Jul 20 2026,98,56,0,0,0
14:39:28 Jul 20 2026,98,56,0,0,0
14:39:32 Jul 20 2026,98,56,0,0,0
14:39:36 Jul 20 2026,98,56,0,0,0
14:39:40 Jul 20 2026,97,58,1,0,0
14:39:44 Jul 20 2026,98,57,0,0,0
14:39:48 Jul 20 2026,98,57,0,0,0
14:39:52 Jul 20 2026,98,56,0,0,0
14:39:56 Jul 20 2026,98,55,0,0,0
14:40:00 Jul 20 2026,98,56,0,0,0
14:40:04 Jul 20 2026,98,56,0,0,0
14:40:08 Jul 20 2026,98,53,0,0,0
14:40:12 Jul 20 2026,98,50,0,0,0
14:40:16 Jul 20 2026,98,53,0,0,0
14:40:20 Jul 20 2026,98,56,0,0,0
14:40:24 Jul 20 2026,98,60,0,0,0
14:40:28 Jul 20 2026,98,61,0,0,0
14:40:32 Jul 20 2026,98,65,0,0,0
14:40:36 Jul 20 2026,98,67,0,0,0
14:40:40 Jul 20 2026,98,65,0,0,0
14:40:44 Jul 20 2026,98,62,0,0,0
14:40:48 Jul 20 2026,98,66,0,0,0
14:40:52 Jul 20 2026,98,66,0,0,0
14:40:56 Jul 20 2026,98,64,0,0,0
14:41:00 Jul 20 2026,98,61,0,0,0
14:41:04 Jul 20 2026,98,59,0,0,0
14:41:08 Jul 20 2026,98,59,0,0,0
14:41:12 Jul 20 2026,98,61,0,0,0
14:41:16 Jul 20 2026,98,60,0,0,0
14:41:20 Jul 20 2026,98,59,0,0,0
14:41:24 Jul 20 2026,98,61,0,0,0
14:41:28 Jul 20 2026,98,61,0,0,0
14:41:32 Jul 20 2026,98,59,0,0,0
14:41:36 Jul 20 2026,98,57,0,0,0
14:41:40 Jul 20 2026,98,57,0,0,0
14:41:44 Jul 20 2026,98,59,0,0,0
14:41:48 Jul 20 2026,98,58,0,0,0
14:41:52 Jul 20 2026,98,58,0,0,0
14:41:56 Jul 20 2026,98,60,0,0,0
14:42:00 Jul 20 2026,98,62,0,0,0
14:42:04 Jul 20 2026,98,60,0,0,0
14:42:08 Jul 20 2026,98,59,0,0,0
14:42:12 Jul 20 2026,98,58,0,0,0
14:42:16 Jul 20 2026,98,58,0,0,0
14:42:20 Jul 20 2026,98,59,0,0,0
14:42:24 Jul 20 2026,98,58,0,0,0
14:42:28 Jul 20 2026,98,59,0,0,0
14:42:32 Jul 20 2026,98,60,0,0,0
14:42:36 Jul 20 2026,98,59,0,0,0
14:42:40 Jul 20 2026,98,60,1,0,0
14:42:44 Jul 20 2026,98,64,0,0,0
14:42:48 Jul 20 2026,98,64,0,0,0
14:42:52 Jul 20 2026,98,61,3,0,0
14:42:56 Jul 20 2026,98,60,0,0,0
14:43:00 Jul 20 2026,98,59,0,0,0
14:43:04 Jul 20 2026,98,58,0,0,0
14:43:08 Jul 20 2026,98,57,0,0,0
14:43:12 Jul 20 2026,98,55,0,0,0
14:43:16 Jul 20 2026,98,53,0,0,0
14:43:20 Jul 20 2026,98,53,0,0,0
14:43:24 Jul 20 2026,98,53,0,0,0
14:43:28 Jul 20 2026,98,55,2,0,0
14:43:32 Jul 20 2026,98,55,0,0,0
14:43:36 Jul 20 2026,98,58,1,0,0
14:43:40 Jul 20 2026,97,59,0,0,0
14:43:44 Jul 20 2026,97,59,0,0,0
14:43:48 Jul 20 2026,98,57,0,0,0
14:43:52 Jul 20 2026,98,58,1,0,0
14:43:56 Jul 20 2026,98,58,0,0,0
14:44:00 Jul 20 2026,98,59,0,0,0
14:44:04 Jul 20 2026,98,59,1,0,0
14:44:08 Jul 20 2026,98,59,0,0,0
14:44:12 Jul 20 2026,98,58,0,0,0
14:44:16 Jul 20 2026,98,57,0,0,0
14:44:20 Jul 20 2026,98,59,0,0,0
14:44:24 Jul 20 2026,98,61,0,0,0
14:44:28 Jul 20 2026,98,64,0,0,0
14:44:32 Jul 20 2026,98,64,0,0,0
14:44:36 Jul 20 2026,98,65,0,0,0
14:44:40 Jul 20 2026,98,62,0,0,0
14:44:44 Jul 20 2026,98,62,7,0,0
14:44:48 Jul 20 2026,98,61,0,0,0
14:44:52 Jul 20 2026,98,61,0,0,0
14:44:56 Jul 20 2026,99,60,3,0,0
14:45:00 Jul 20 2026,99,60,0,0,0
14:45:04 Jul 20 2026,99,62,0,0,0
14:45:08 Jul 20 2026,98,61,0,0,0
14:45:12 Jul 20 2026,98,59,0,0,0
14:45:16 Jul 20 2026,98,58,0,0,0
14:45:20 Jul 20 2026,98,57,0,0,0
14:45:24 Jul 20 2026,98,56,0,0,0
14:45:28 Jul 20 2026,98,56,0,0,0
14:45:32 Jul 20 2026,98,56,0,0,0
14:45:36 Jul 20 2026,98,56,0,0,0
14:45:40 Jul 20 2026,98,55,0,0,0
14:45:44 Jul 20 2026,98,57,0,0,0
14:45:48 Jul 20 2026,98,56,0,0,0
14:45:52 Jul 20 2026,98,56,0,0,0
14:45:56 Jul 20 2026,98,57,0,0,0
14:46:00 Jul 20 2026,98,58,0,0,0
14:46:04 Jul 20 2026,98,58,0,0,0
14:46:08 Jul 20 2026,98,59,0,0,0
14:46:12 Jul 20 2026,98,60,0,0,0
14:46:16 Jul 20 2026,98,59,0,0,0
14:46:20 Jul 20 2026,98,60,0,0,0
14:46:24 Jul 20 2026,98,61,0,0,0
14:46:28 Jul 20 2026,98,61,0,0,0
14:46:32 Jul 20 2026,98,60,0,0,0
14:46:36 Jul 20 2026,98,57,0,0,0
14:46:40 Jul 20 2026,98,57,0,0,0
14:46:44 Jul 20 2026,98,60,0,0,0
14:46:48 Jul 20 2026,98,60,0,0,0
14:46:52 Jul 20 2026,98,60,0,0,0
14:46:56 Jul 20 2026,98,62,0,0,0
14:47:00 Jul 20 2026,98,63,0,0,0
14:47:04 Jul 20 2026,98,61,0,0,0
14:47:08 Jul 20 2026,98,61,0,0,0
14:47:12 Jul 20 2026,98,60,0,0,0
14:47:16 Jul 20 2026,98,58,0,0,0
14:47:20 Jul 20 2026,98,55,0,0,0
14:47:24 Jul 20 2026,98,55,0,0,0
14:47:28 Jul 20 2026,98,57,0,0,0
14:47:32 Jul 20 2026,98,57,0,0,0
14:47:36 Jul 20 2026,98,58,0,0,0
14:47:40 Jul 20 2026,98,60,0,0,0
14:47:44 Jul 20 2026,98,61,0,0,0
14:47:48 Jul 20 2026,98,58,0,0,0
14:47:52 Jul 20 2026,98,58,0,0,0
14:47:56 Jul 20 2026,98,60,0,0,0
14:48:00 Jul 20 2026,98,60,0,0,0
14:48:04 Jul 20 2026,98,61,0,0,0
14:48:08 Jul 20 2026,98,62,0,0,0
14:48:12 Jul 20 2026,98,62,6,0,0
14:48:16 Jul 20 2026,98,63,0,0,0
14:48:20 Jul 20 2026,98,65,0,0,0
14:48:24 Jul 20 2026,98,65,0,0,0
14:48:28 Jul 20 2026,98,65,65,0,0
14:48:32 Jul 20 2026,98,66,5,0,0
14:48:36 Jul 20 2026,98,62,0,0,0
14:48:40 Jul 20 2026,98,59,0,0,0
14:48:44 Jul 20 2026,98,57,0,0,0
14:48:48 Jul 20 2026,98,56,0,0,0
14:48:52 Jul 20 2026,98,56,0,0,0
14:48:56 Jul 20 2026,98,58,0,0,0
14:49:00 Jul 20 2026,98,57,0,0,0
14:49:04 Jul 20 2026,98,55,0,0,0
14:49:08 Jul 20 2026,98,55,0,0,0
14:49:12 Jul 20 2026,98,55,0,0,0
14:49:16 Jul 20 2026,99,53,0,0,0
14:49:20 Jul 20 2026,99,53,0,0,0
14:49:24 Jul 20 2026,99,53,0,0,0
14:49:28 Jul 20 2026,99,54,0,0,0
14:49:32 Jul 20 2026,99,53,0,0,0
14:49:36 Jul 20 2026,99,54,1,0,0
14:49:40 Jul 20 2026,99,59,0,0,0
14:49:44 Jul 20 2026,98,63,0,0,0
14:49:48 Jul 20 2026,98,61,0,0,0
14:49:52 Jul 20 2026,98,58,0,0,0
14:49:56 Jul 20 2026,99,55,0,0,0
14:50:00 Jul 20 2026,98,55,0,0,0
14:50:04 Jul 20 2026,98,55,2,0,0
14:50:08 Jul 20 2026,98,55,20,0,0
14:50:12 Jul 20 2026,98,55,2,0,0
14:50:16 Jul 20 2026,98,55,26,0,0
14:50:20 Jul 20 2026,98,59,0,0,0
14:50:24 Jul 20 2026,98,61,0,0,0
14:50:28 Jul 20 2026,98,59,0,0,0
14:50:32 Jul 20 2026,98,58,0,0,0
14:50:36 Jul 20 2026,98,56,0,0,0
14:50:40 Jul 20 2026,98,56,1,0,0
14:50:44 Jul 20 2026,98,58,0,0,0
14:50:48 Jul 20 2026,98,58,0,0,0
14:50:52 Jul 20 2026,98,58,0,0,0
14:50:56 Jul 20 2026,98,58,0,0,0
14:51:00 Jul 20 2026,98,55,0,0,0
14:51:04 Jul 20 2026,98,53,0,0,0
14:51:08 Jul 20 2026,98,54,0,0,0
14:51:12 Jul 20 2026,98,53,0,0,0
14:51:16 Jul 20 2026,98,54,0,0,0
14:51:20 Jul 20 2026,98,54,0,0,0
14:51:24 Jul 20 2026,98,55,0,0,0
14:51:28 Jul 20 2026,98,57,0,0,0
14:51:32 Jul 20 2026,98,59,1,0,0
14:51:36 Jul 20 2026,98,63,0,0,0
14:51:40 Jul 20 2026,98,63,0,0,0
14:51:44 Jul 20 2026,98,61,0,0,0
14:51:48 Jul 20 2026,98,62,0,0,0
14:51:52 Jul 20 2026,98,61,0,0,0
14:51:56 Jul 20 2026,98,60,0,0,0
14:52:00 Jul 20 2026,98,57,0,0,0
14:52:04 Jul 20 2026,98,57,0,0,0
14:52:08 Jul 20 2026,98,62,0,0,0
14:52:12 Jul 20 2026,98,63,0,0,0
14:52:16 Jul 20 2026,98,62,0,0,0
14:52:20 Jul 20 2026,98,61,0,0,0
14:52:24 Jul 20 2026,98,61,0,0,0
14:52:28 Jul 20 2026,98,61,0,0,0
14:52:32 Jul 20 2026,98,60,0,0,0
14:52:36 Jul 20 2026,98,60,1,0,0
14:52:40 Jul 20 2026,98,60,2,0,0
14:52:44 Jul 20 2026,98,63,0,0,0
14:52:48 Jul 20 2026,98,66,0,0,0
14:52:52 Jul 20 2026,98,67,1,0,0
14:52:56 Jul 20 2026,98,61,0,0,0
14:53:00 Jul 20 2026,98,59,0,0,0
14:53:04 Jul 20 2026,98,59,1,0,0
14:53:08 Jul 20 2026,98,59,0,0,0
14:53:12 Jul 20 2026,98,59,1,0,0
14:53:16 Jul 20 2026,98,58,0,0,0
14:53:20 Jul 20 2026,98,56,0,0,0
14:53:24 Jul 20 2026,98,55,0,0,0
14:53:28 Jul 20 2026,98,55,0,0,0
14:53:32 Jul 20 2026,98,55,0,0,0
14:53:36 Jul 20 2026,98,56,0,0,0
14:53:40 Jul 20 2026,98,56,0,0,0
14:53:44 Jul 20 2026,98,57,0,0,0
14:53:48 Jul 20 2026,98,56,0,0,0
14:53:52 Jul 20 2026,98,57,7,0,0
14:53:56 Jul 20 2026,98,58,3,0,0
14:54:00 Jul 20 2026,98,60,0,0,0
14:54:04 Jul 20 2026,98,60,0,0,0
14:54:08 Jul 20 2026,97,59,0,0,0
14:54:12 Jul 20 2026,98,59,0,0,0
14:54:16 Jul 20 2026,98,58,0,0,0
14:54:20 Jul 20 2026,98,58,0,0,0
14:54:24 Jul 20 2026,99,58,0,0,0
14:54:28 Jul 20 2026,99,55,0,0,0
14:54:32 Jul 20 2026,98,54,0,0,0
14:54:36 Jul 20 2026,98,55,0,0,0
14:54:40 Jul 20 2026,98,53,0,0,0
14:54:44 Jul 20 2026,98,51,0,0,0
14:54:48 Jul 20 2026,98,52,1,0,0
14:54:52 Jul 20 2026,98,54,0,0,0
14:54:56 Jul 20 2026,98,56,0,0,0
14:55:00 Jul 20 2026,98,57,0,0,0
14:55:04 Jul 20 2026,98,58,4,0,0
14:55:08 Jul 20 2026,98,58,14,0,0
14:55:12 Jul 20 2026,98,58,1,0,0
14:55:16 Jul 20 2026,98,59,0,0,0
14:55:20 Jul 20 2026,98,58,3,0,0
14:55:24 Jul 20 2026,98,58,12,0,0
14:55:28 Jul 20 2026,98,59,1,0,0
14:55:32 Jul 20 2026,98,59,4,0,0
14:55:36 Jul 20 2026,98,59,0,0,0
14:55:40 Jul 20 2026,98,58,0,0,0
14:55:44 Jul 20 2026,98,60,4,0,0
14:55:48 Jul 20 2026,98,59,0,0,0
14:55:52 Jul 20 2026,98,61,0,0,0
14:55:56 Jul 20 2026,98,58,0,0,0
14:56:00 Jul 20 2026,98,55,0,0,0
14:56:04 Jul 20 2026,98,55,0,0,0
14:56:08 Jul 20 2026,98,55,0,0,0
14:56:12 Jul 20 2026,98,56,0,0,0
14:56:16 Jul 20 2026,98,56,0,0,0
14:56:20 Jul 20 2026,98,56,0,0,0
14:56:24 Jul 20 2026,98,56,0,0,0
14:56:28 Jul 20 2026,98,54,0,0,0
14:56:32 Jul 20 2026,98,54,5,0,0
14:56:36 Jul 20 2026,98,55,0,0,0
14:56:40 Jul 20 2026,98,56,3,0,0
14:56:44 Jul 20 2026,98,59,0,0,0
14:56:48 Jul 20 2026,98,59,2,0,0
14:56:52 Jul 20 2026,99,60,1,0,0
14:56:56 Jul 20 2026,99,59,0,0,0
14:57:00 Jul 20 2026,98,58,0,0,0
14:57:04 Jul 20 2026,98,57,0,0,0
14:57:08 Jul 20 2026,98,56,0,0,0
14:57:12 Jul 20 2026,98,55,0,0,0
14:57:16 Jul 20 2026,98,55,0,0,0
14:57:20 Jul 20 2026,98,52,0,0,0
14:57:24 Jul 20 2026,98,52,0,0,0
14:57:28 Jul 20 2026,98,52,0,0,0
14:57:32 Jul 20 2026,98,51,0,0,0
14:57:36 Jul 20 2026,98,54,0,0,0
14:57:40 Jul 20 2026,98,56,0,0,0
14:57:44 Jul 20 2026,98,60,0,0,0
14:57:48 Jul 20 2026,98,62,0,0,0
14:57:52 Jul 20 2026,98,63,0,0,0
14:57:56 Jul 20 2026,98,64,0,0,0
14:58:00 Jul 20 2026,98,64,0,0,0
14:58:04 Jul 20 2026,98,63,0,0,0
14:58:08 Jul 20 2026,98,62,0,0,0
14:58:12 Jul 20 2026,98,63,0,0,0
14:58:16 Jul 20 2026,98,66,0,0,0
14:58:20 Jul 20 2026,98,66,0,0,0
14:58:24 Jul 20 2026,98,64,0,0,0
14:58:28 Jul 20 2026,98,65,0,0,0
14:58:32 Jul 20 2026,98,65,0,0,0
14:58:36 Jul 20 2026,98,63,0,0,0
14:58:40 Jul 20 2026,98,62,0,0,0
14:58:44 Jul 20 2026,98,63,0,0,0
14:58:48 Jul 20 2026,98,62,0,0,0
14:58:52 Jul 20 2026,98,62,0,0,0
14:58:56 Jul 20 2026,98,63,0,0,0
14:59:00 Jul 20 2026,98,61,0,0,0
14:59:04 Jul 20 2026,98,58,0,0,0
14:59:08 Jul 20 2026,98,57,12,0,0
14:59:12 Jul 20 2026,98,57,0,0,0
14:59:16 Jul 20 2026,98,57,1,0,0
14:59:20 Jul 20 2026,98,57,3,0,0
14:59:24 Jul 20 2026,98,57,2,0,0
14:59:28 Jul 20 2026,98,60,0,0,0
14:59:32 Jul 20 2026,97,61,0,0,0
14:59:36 Jul 20 2026,98,64,0,0,0
14:59:40 Jul 20 2026,98,61,0,0,0
14:59:44 Jul 20 2026,98,58,0,0,0
14:59:48 Jul 20 2026,98,58,0,0,0
14:59:52 Jul 20 2026,98,59,0,0,0
14:59:56 Jul 20 2026,98,60,0,0,0
15:00:00 Jul 20 2026,98,58,0,0,0
15:00:04 Jul 20 2026,98,57,0,0,0
15:00:08 Jul 20 2026,98,57,0,0,0
15:00:12 Jul 20 2026,98,57,0,0,0
15:00:16 Jul 20 2026,98,59,0,0,0
15:00:20 Jul 20 2026,98,60,0,0,0
15:00:24 Jul 20 2026,98,60,0,0,0
15:00:28 Jul 20 2026,98,58,0,0,0
15:00:32 Jul 20 2026,98,59,0,0,0
15:00:36 Jul 20 2026,98,60,0,0,0
15:00:40 Jul 20 2026,98,60,0,0,0
15:00:44 Jul 20 2026,98,60,0,0,0
15:00:48 Jul 20 2026,98,59,0,0,0
15:00:52 Jul 20 2026,98,58,0,0,0
15:00:56 Jul 20 2026,98,60,0,0,0
15:01:00 Jul 20 2026,98,60,0,0,0
15:01:04 Jul 20 2026,98,60,0,0,0
15:01:08 Jul 20 2026,98,60,0,0,0
15:01:12 Jul 20 2026,98,59,0,0,0
15:01:16 Jul 20 2026,98,60,0,0,0
15:01:20 Jul 20 2026,98,60,0,0,0
15:01:24 Jul 20 2026,98,63,0,0,0
15:01:28 Jul 20 2026,98,65,0,0,0
15:01:32 Jul 20 2026,98,63,0,0,0
15:01:36 Jul 20 2026,98,63,0,0,0
15:01:40 Jul 20 2026,98,60,0,0,0
15:01:44 Jul 20 2026,98,58,0,0,0
15:01:48 Jul 20 2026,98,57,0,0,0
15:01:52 Jul 20 2026,98,58,0,0,0
15:01:56 Jul 20 2026,98,60,0,0,0
15:02:00 Jul 20 2026,98,60,0,0,0
15:02:04 Jul 20 2026,98,61,0,0,0
15:02:08 Jul 20 2026,98,60,0,0,0
15:02:12 Jul 20 2026,98,60,0,0,0
15:02:16 Jul 20 2026,98,59,0,0,0
15:02:20 Jul 20 2026,99,59,0,0,0
15:02:24 Jul 20 2026,98,60,0,0,0
15:02:28 Jul 20 2026,98,63,0,0,0
15:02:32 Jul 20 2026,98,63,0,0,0
15:02:36 Jul 20 2026,98,63,0,0,0
15:02:40 Jul 20 2026,98,63,0,0,0
15:02:44 Jul 20 2026,98,63,0,0,0
15:02:48 Jul 20 2026,98,63,0,0,0
15:02:52 Jul 20 2026,98,63,0,0,0
15:02:56 Jul 20 2026,98,63,0,0,0
15:03:00 Jul 20 2026,98,65,0,0,0
15:03:04 Jul 20 2026,98,64,0,0,0
15:03:08 Jul 20 2026,98,62,0,0,0
15:03:12 Jul 20 2026,98,60,0,0,0
15:03:16 Jul 20 2026,98,59,0,0,0
15:03:20 Jul 20 2026,98,59,0,0,0
15:03:24 Jul 20 2026,98,59,0,0,0
15:03:28 Jul 20 2026,98,62,0,0,0
15:03:32 Jul 20 2026,98,61,0,0,0
15:03:36 Jul 20 2026,98,59,0,0,0
15:03:40 Jul 20 2026,98,58,0,0,0
15:03:44 Jul 20 2026,98,58,1,0,0
15:03:48 Jul 20 2026,98,57,0,0,0
15:03:52 Jul 20 2026,98,58,0,0,0
15:03:56 Jul 20 2026,98,59,0,0,0
15:04:00 Jul 20 2026,98,60,0,0,0
15:04:04 Jul 20 2026,98,60,0,0,0
15:04:08 Jul 20 2026,98,62,0,0,0
15:04:12 Jul 20 2026,98,62,0,0,0
15:04:16 Jul 20 2026,98,61,0,0,0
15:04:20 Jul 20 2026,98,60,0,0,0
15:04:24 Jul 20 2026,98,60,0,0,0
15:04:28 Jul 20 2026,98,61,0,0,0
15:04:32 Jul 20 2026,98,61,0,0,0
15:04:36 Jul 20 2026,98,61,0,0,0
15:04:40 Jul 20 2026,98,64,0,0,0
15:04:44 Jul 20 2026,98,66,0,0,0
15:04:48 Jul 20 2026,98,67,0,0,0
15:04:52 Jul 20 2026,98,63,0,0,0
15:04:56 Jul 20 2026,98,65,0,0,0
15:05:00 Jul 20 2026,98,65,8,0,0
15:05:04 Jul 20 2026,98,62,1,0,0
15:05:08 Jul 20 2026,98,61,0,0,0
15:05:12 Jul 20 2026,98,62,0,0,0
15:05:16 Jul 20 2026,98,63,0,0,0
15:05:20 Jul 20 2026,98,63,0,0,0
15:05:24 Jul 20 2026,98,63,0,0,0
15:05:28 Jul 20 2026,98,62,0,0,0
15:05:32 Jul 20 2026,98,61,0,0,0
15:05:36 Jul 20 2026,98,60,0,0,0
15:05:40 Jul 20 2026,98,61,0,0,0
15:05:44 Jul 20 2026,98,59,0,0,0
15:05:48 Jul 20 2026,98,58,0,0,0
15:05:52 Jul 20 2026,98,59,0,0,0
15:05:56 Jul 20 2026,98,61,0,0,0
15:06:00 Jul 20 2026,98,62,0,0,0
15:06:04 Jul 20 2026,98,61,0,0,0
15:06:08 Jul 20 2026,98,58,0,0,0
15:06:12 Jul 20 2026,98,58,0,0,0
15:06:16 Jul 20 2026,98,59,0,0,0
15:06:20 Jul 20 2026,98,58,0,0,0
15:06:24 Jul 20 2026,98,58,0,0,0
15:06:28 Jul 20 2026,98,60,0,0,0
15:06:32 Jul 20 2026,98,62,0,0,0
15:06:36 Jul 20 2026,98,60,0,0,0
15:06:40 Jul 20 2026,98,59,0,0,0
15:06:44 Jul 20 2026,98,59,0,0,0
15:06:48 Jul 20 2026,98,59,0,0,0
15:06:52 Jul 20 2026,98,60,0,0,0
15:06:56 Jul 20 2026,98,60,0,0,0
15:07:00 Jul 20 2026,98,59,0,0,0
15:07:04 Jul 20 2026,98,58,0,0,0
15:07:08 Jul 20 2026,98,60,0,0,0
15:07:12 Jul 20 2026,98,61,0,0,0
15:07:16 Jul 20 2026,98,60,0,0,0
15:07:20 Jul 20 2026,98,61,0,0,0
15:07:24 Jul 20 2026,98,62,0,0,0
15:07:28 Jul 20 2026,98,64,0,0,0
15:07:32 Jul 20 2026,98,63,0,0,0
15:07:36 Jul 20 2026,98,62,0,0,0
15:07:40 Jul 20 2026,98,63,0,0,0
15:07:44 Jul 20 2026,98,65,0,0,0
15:07:48 Jul 20 2026,98,67,0,0,0
15:07:52 Jul 20 2026,98,65,0,0,0
15:07:56 Jul 20 2026,98,63,0,0,0
15:08:00 Jul 20 2026,98,61,0,0,0
15:08:04 Jul 20 2026,98,61,0,0,0
15:08:08 Jul 20 2026,98,60,0,0,0
15:08:12 Jul 20 2026,98,60,0,0,0
15:08:16 Jul 20 2026,98,61,0,0,0
15:08:20 Jul 20 2026,98,62,0,0,0
15:08:24 Jul 20 2026,98,61,0,0,0
15:08:28 Jul 20 2026,98,60,0,0,0
15:08:32 Jul 20 2026,98,60,0,0,0
15:08:36 Jul 20 2026,98,61,0,0,0
15:08:40 Jul 20 2026,98,61,0,0,0
15:08:44 Jul 20 2026,98,60,0,0,0
15:08:48 Jul 20 2026,98,60,0,0,0
15:08:52 Jul 20 2026,98,60,0,0,0
15:08:56 Jul 20 2026,98,61,0,0,0
15:09:00 Jul 20 2026,98,63,0,0,0
15:09:04 Jul 20 2026,98,63,0,0,0
15:09:08 Jul 20 2026,98,62,0,0,0
15:09:12 Jul 20 2026,98,62,0,0,0
15:09:16 Jul 20 2026,98,60,0,0,0
15:09:20 Jul 20 2026,98,59,0,0,0
15:09:24 Jul 20 2026,98,60,0,0,0
15:09:28 Jul 20 2026,98,60,0,0,0
15:09:32 Jul 20 2026,98,59,0,0,0
15:09:36 Jul 20 2026,98,59,0,0,0
15:09:40 Jul 20 2026,98,60,0,0,0
15:09:44 Jul 20 2026,98,61,0,0,0
15:09:48 Jul 20 2026,98,61,0,0,0
15:09:52 Jul 20 2026,98,60,0,0,0
15:09:56 Jul 20 2026,98,61,0,0,0
15:10:00 Jul 20 2026,98,62,0,0,0
15:10:04 Jul 20 2026,98,62,0,0,0
15:10:08 Jul 20 2026,98,62,0,0,0
15:10:12 Jul 20 2026,98,61,0,0,0
15:10:16 Jul 20 2026,98,61,0,0,0
15:10:20 Jul 20 2026,98,62,0,0,0
15:10:24 Jul 20 2026,98,62,0,0,0
15:10:28 Jul 20 2026,98,63,0,0,0
15:10:32 Jul 20 2026,98,62,0,0,0
15:10:36 Jul 20 2026,98,60,0,0,0
15:10:40 Jul 20 2026,98,60,0,0,0
15:10:44 Jul 20 2026,98,61,0,0,0
15:10:48 Jul 20 2026,98,61,0,0,0
15:10:52 Jul 20 2026,98,62,0,0,0
15:10:56 Jul 20 2026,98,63,0,0,0
15:11:00 Jul 20 2026,98,63,0,0,0
15:11:04 Jul 20 2026,98,62,0,0,0
15:11:08 Jul 20 2026,98,61,0,0,0
15:11:12 Jul 20 2026,98,61,0,0,0
15:11:16 Jul 20 2026,98,60,0,0,0
15:11:20 Jul 20 2026,98,60,0,0,0
15:11:24 Jul 20 2026,98,60,0,0,0
15:11:28 Jul 20 2026,98,61,0,0,0
15:11:32 Jul 20 2026,98,63,0,0,0
15:11:36 Jul 20 2026,98,63,0,0,0
15:11:40 Jul 20 2026,98,62,0,0,0
15:11:44 Jul 20 2026,98,63,0,0,0
15:11:48 Jul 20 2026,98,62,0,0,0
15:11:52 Jul 20 2026,98,62,0,0,0
15:11:56 Jul 20 2026,98,61,0,0,0
15:12:00 Jul 20 2026,98,62,0,0,0
15:12:04 Jul 20 2026,98,62,0,0,0
15:12:08 Jul 20 2026,98,63,0,0,0
15:12:12 Jul 20 2026,98,63,0,0,0
15:12:16 Jul 20 2026,98,63,0,0,0
15:12:20 Jul 20 2026,98,63,0,0,0
15:12:24 Jul 20 2026,98,65,0,0,0
15:12:28 Jul 20 2026,97,67,2,0,0
15:12:32 Jul 20 2026,97,69,3,0,0
15:12:36 Jul 20 2026,97,70,4,0,0
15:12:40 Jul 20 2026,97,70,16,0,0
15:12:44 Jul 20 2026,97,70,6,0,0
15:12:48 Jul 20 2026,97,71,0,0,0
15:12:52 Jul 20 2026,98,67,2,0,0
15:12:56 Jul 20 2026,98,67,0,0,0
15:13:00 Jul 20 2026,98,67,1,0,0
15:13:04 Jul 20 2026,99,67,0,0,0
15:13:08 Jul 20 2026,99,66,1,0,0
15:13:12 Jul 20 2026,99,67,1,0,0
15:13:16 Jul 20 2026,99,68,2,0,0
15:13:20 Jul 20 2026,98,64,0,0,0
15:13:24 Jul 20 2026,98,59,0,0,0
15:13:28 Jul 20 2026,98,62,0,0,0
15:13:32 Jul 20 2026,98,63,1,0,0
15:13:36 Jul 20 2026,98,63,0,0,0
15:13:40 Jul 20 2026,98,64,2,0,0
15:13:44 Jul 20 2026,98,67,0,0,0
15:13:48 Jul 20 2026,98,65,0,0,0
15:13:52 Jul 20 2026,98,61,0,0,0
15:13:56 Jul 20 2026,98,61,0,0,0
15:14:00 Jul 20 2026,98,62,4,0,0
15:14:04 Jul 20 2026,98,64,0,0,0
15:14:08 Jul 20 2026,98,66,0,0,0
15:14:12 Jul 20 2026,98,67,0,0,0
15:14:16 Jul 20 2026,98,66,18,0,0
15:14:20 Jul 20 2026,98,66,0,0,0
15:14:24 Jul 20 2026,98,66,0,0,0
15:14:28 Jul 20 2026,97,65,1,0,0
15:14:32 Jul 20 2026,97,63,1,0,0
15:14:36 Jul 20 2026,97,64,0,0,0
15:14:40 Jul 20 2026,98,63,0,0,0
15:14:44 Jul 20 2026,98,63,4,0,0
15:14:48 Jul 20 2026,98,64,0,0,0
15:14:52 Jul 20 2026,98,63,0,0,0
15:14:56 Jul 20 2026,98,62,0,0,0
15:15:00 Jul 20 2026,98,62,0,0,0
15:15:04 Jul 20 2026,98,62,3,0,0
15:15:08 Jul 20 2026,98,62,0,0,0
15:15:12 Jul 20 2026,98,62,0,0,0
15:15:16 Jul 20 2026,98,63,0,0,0
15:15:20 Jul 20 2026,98,64,4,0,0
15:15:24 Jul 20 2026,98,65,0,0,0
15:15:28 Jul 20 2026,98,64,2,0,0
15:15:32 Jul 20 2026,98,64,1,0,0
15:15:36 Jul 20 2026,98,64,0,0,0
15:15:40 Jul 20 2026,98,66,1,0,0
15:15:44 Jul 20 2026,99,67,0,0,0
15:15:48 Jul 20 2026,98,67,0,0,0
15:15:52 Jul 20 2026,98,67,0,0,0
15:15:56 Jul 20 2026,98,67,0,0,0
15:16:00 Jul 20 2026,98,68,2,0,0
15:16:04 Jul 20 2026,99,67,0,0,0
15:16:08 Jul 20 2026,98,67,0,0,0
15:16:12 Jul 20 2026,98,67,3,0,0
15:16:16 Jul 20 2026,98,67,8,0,0
15:16:20 Jul 20 2026,98,66,14,0,0
15:16:24 Jul 20 2026,98,66,106,0,0
15:16:28 Jul 20 2026,98,66,9,0,0
15:16:32 Jul 20 2026,98,66,13,0,0
15:16:36 Jul 20 2026,98,66,3,0,0
15:16:40 Jul 20 2026,98,67,18,0,0
15:16:44 Jul 20 2026,98,67,33,0,0
15:16:48 Jul 20 2026,98,67,19,0,0
15:16:52 Jul 20 2026,98,67,8,0,0
15:16:56 Jul 20 2026,98,67,17,0,0
15:17:00 Jul 20 2026,98,67,102,0,0
15:17:04 Jul 20 2026,98,67,60,0,0
